id,date,title,channel,signal_type,direction,confidence,lead_indicator,time_horizon,economic_mechanism,headline,source,expected_effects,who_should_care
2026-10-01_Trade_Policy_tightening_55c05174,2026-10-01,Trade Policy Restriction,Trade Policy,policy_shock,tightening,medium,trade_regime_tightening,1–6 months,"Import bans, tariff hikes, or trade partner restrictions alter relative prices and disrupt established supply chains.",Indian hilsa enters via illegal routes despite import ban: Fisheries body,The Business Standard,supply chain disruption; input cost increase; trade diversion,importers; exporters; trade policy analysts
2026-10-01_Exports_tightening_01ba84f9,2026-10-01,Export Demand Contraction,Exports,balance_of_payments,tightening,medium,export_orders_decline,1–3 months,"Weak external demand reduces factory utilization, compresses labor income, and lowers FX earnings.",Some major apparel brands shifting orders from Bangladesh,The Financial Express,lower manufacturing output; urban income slowdown; FX earnings pressure,exporters; garment sector; currency desks
2026-10-01_Credit_tightening_1457e043,2026-10-01,Credit Allocation Tightening,Credit,financial_conditions,tightening,high,credit_growth_slowdown,3–6 months,Bank lending constraints reduce investment and working capital availability across the real economy.,"Four months on, Tk20,000cr factory revival scheme disburses just Tk110cr",The Business Standard,investment slowdown; working capital shortages; lower GDP growth,commercial banks; corporate borrowers; investment desks
2026-10-01_Capital_Markets_easing_d58aa16a,2026-10-01,Capital Markets Recovery,Capital Markets,financial_conditions,easing,medium,equity_market_rally,immediate–3 months,"Equity market gains, FDI inflows, or portfolio inflows signal improving investor confidence and easier financing conditions.",Bangladesh’s SR Chemical signs Tk 100 crore investment deal with three global companies,The Daily Star,equity valuation gain; FDI recovery; market liquidity expansion,equity investors; portfolio managers; foreign investors
2026-10-01_Remittances_tightening_54ab06cf,2026-10-01,Remittance Flow Disruption,Remittances,balance_of_payments,tightening,high,remittance_growth_decline,1–3 months,"Remittance slowdown reduces rural household income, weakens consumption demand, and tightens FX supply.",Overseas worker departures fall by nearly 33% despite govt initiatives,Daily Bonik Barta,rural consumption slowdown; FX supply reduction; hundi channel widening,rural economy analysts; consumer sector; central bank
2026-10-01_Energy_easing_1df021b7,2026-10-01,Energy Supply Improvement,Energy,production_constraint,easing,medium,load_shedding_reduction,immediate,"Improved power and gas supply expands industrial operating hours, lowers unit costs, and reduces reliance on captive generation.","Rooppur Unit-1 clears 16 MPa PORV test, 18 MPa phase up next",The Business Standard — Economy,output normalization; production cost relief; inflation pressure easing,industrial producers; manufacturers; energy traders
2026-10-01_Foreign_Exchange_tightening_c5b3af8a,2026-10-01,External Liquidity Stress,Foreign Exchange,balance_of_payments,tightening,medium,fx_reserves_pressure,1–3 months,"Foreign exchange shortages constrain import financing, widen the informal premium, and force rationing of dollar-denominated obligations.","Biman's high dollar rate squeezes freight forwarders, favours foreign carriers",The Business Standard — Economy,import compression; industrial input shortage; informal FX premium widening,trade finance banks; importers; currency desks
2026-10-01_Banking_tightening_36596b08,2026-10-01,Banking Sector Fragility,Banking,financial_conditions,tightening,medium,npl_ratio_deterioration,3–12 months,"Rising non-performing loans, governance failures, or liquidity stress in banks constrain credit intermediation and erode depositor confidence.",Banks face compliance hurdles under BB's new nominated director rules,The Business Standard — Banking,credit rationing; deposit flight risk; fiscal contingent liability,depositors; bank regulators; financial analysts
2026-10-01_Remittances_tightening_7fe9914e,2026-10-01,Remittance Flow Disruption,Remittances,balance_of_payments,tightening,high,remittance_growth_decline,1–3 months,"Remittance slowdown reduces rural household income, weakens consumption demand, and tightens FX supply.",Bangladesh Remittance Earning September 2026 | Remittance inflow hits 11-month low,thedailystar.net,rural consumption slowdown; FX supply reduction; hundi channel widening,rural economy analysts; consumer sector; central bank
2026-10-01_Remittances_tightening_943421ce,2026-10-01,Remittance Flow Disruption,Remittances,balance_of_payments,tightening,high,remittance_growth_decline,1–3 months,"Remittance slowdown reduces rural household income, weakens consumption demand, and tightens FX supply.",Remittance slows in September despite 13.3% first-quarter growth,bdnews24.com,rural consumption slowdown; FX supply reduction; hundi channel widening,rural economy analysts; consumer sector; central bank
2026-10-01_Remittances_easing_ceea8c4b,2026-10-01,Remittance Flow Strengthening,Remittances,balance_of_payments,easing,high,remittance_growth_acceleration,1–3 months,"Rising remittances lift rural household income, strengthen consumption demand, and expand formal FX supply.",Bangladesh receives $2.76b remittance in September,Daily Observer,rural consumption boost; FX supply expansion; formal channel share rising,rural economy analysts; consumer sector; central bank
2026-10-01_Exports_easing_d6268f2e,2026-10-01,Export Demand Expansion,Exports,balance_of_payments,easing,high,export_orders_increase,1–3 months,"Rising external demand lifts factory utilization, expands labor income, and strengthens FX earnings.",Bangladesh’s exports rise 8.54% in September,thedailystar.net,higher manufacturing output; urban employment gains; FX earnings boost,exporters; garment sector; currency desks
2026-10-01_Food_Prices_tightening_53e1df54,2026-10-01,Food Price Pressure,Food Prices,price_signal,tightening,medium,staple_price_acceleration,immediate–3 months,"Rising staple prices compress real incomes of the poor, raise wage demands, and feed into broader inflation expectations.",New pay scale could worsen inflation pressures: BB - en.bd-pratidin.com,en.bd-pratidin.com,real income erosion for the poor; wage pressure; headline inflation rise,consumer sector; food importers; social protection agencies
2026-10-01_Trade_Policy_easing_2f287bac,2026-10-01,Trade Policy Liberalization,Trade Policy,policy_shock,easing,high,trade_regime_opening,1–6 months,"Tariff reductions, liberalization measures, or preferential access agreements lower input costs and open new market access.",Bangladesh-China trade hits $12b in 6 months,New Age BD,supply chain diversification; input cost reduction; export market expansion,importers; exporters; trade policy analysts
2026-10-01_Trade_Policy_easing_e6b67252,2026-10-01,Trade Policy Liberalization,Trade Policy,policy_shock,easing,medium,trade_regime_opening,1–6 months,"Tariff reductions, liberalization measures, or preferential access agreements lower input costs and open new market access.",Trade Hits Record USD 12.8bn as Bangladesh-China Partnership Expands across Sectors,rtvonline.com,supply chain diversification; input cost reduction; export market expansion,importers; exporters; trade policy analysts
2026-10-01_Exports_easing_e2bb0e84,2026-10-01,Export Demand Expansion,Exports,balance_of_payments,easing,high,export_orders_increase,1–3 months,"Rising external demand lifts factory utilization, expands labor income, and strengthens FX earnings.",Bangladesh’s merchandise exports grow 6.34pc in Q1 - Bangladesh Sangbad Sangstha (BSS),Bangladesh Sangbad Sangstha (BSS),higher manufacturing output; urban employment gains; FX earnings boost,exporters; garment sector; currency desks
2026-10-01_Exports_easing_e1513bb7,2026-10-01,Export Demand Expansion,Exports,balance_of_payments,easing,high,export_orders_increase,1–3 months,"Rising external demand lifts factory utilization, expands labor income, and strengthens FX earnings.",Bangladesh exports rise 8.54pc in September,New Age BD,higher manufacturing output; urban employment gains; FX earnings boost,exporters; garment sector; currency desks
2026-10-01_Agriculture_easing_01bd30d7,2026-10-01,Agricultural Output Gain,Agriculture,supply_shock,easing,high,crop_yield_increase,1–6 months,"Favorable weather, strong harvests, or input availability raise agricultural output, ease food prices, and lift rural incomes.",CCGP clears import of 2.6 lakh tonnes of fertilizer - Bangladesh Sangbad Sangstha (BSS),Bangladesh Sangbad Sangstha (BSS),crop output gain; food price moderation; rural income support,agricultural sector; food security analysts; consumer sector
2026-10-01_Credit_easing_2cca6296,2026-10-01,Credit Allocation Loosening,Credit,financial_conditions,easing,high,credit_growth_acceleration,3–6 months,Expanded bank lending improves investment and working capital availability across the real economy.,"BB expands export refinance scheme to Tk 7,000 crore",thedailystar.net,investment pickup; working capital expansion; GDP growth support,commercial banks; corporate borrowers; investment desks
2026-10-01_Exports_easing_6276a1ea,2026-10-01,Export Demand Expansion,Exports,balance_of_payments,easing,high,export_orders_increase,1–3 months,"Rising external demand lifts factory utilization, expands labor income, and strengthens FX earnings.",September exports rise 8.54% to $3.94b,The Business Standard,higher manufacturing output; urban employment gains; FX earnings boost,exporters; garment sector; currency desks
2026-10-01_Trade_Policy_tightening_439b47cf,2026-10-01,Trade Policy Restriction,Trade Policy,policy_shock,tightening,high,trade_regime_tightening,1–6 months,"Import bans, tariff hikes, or trade partner restrictions alter relative prices and disrupt established supply chains.","India Raises Anti-Dumping Duty on Jute Goods from Bangladesh, Nepal",Apparel Resources,supply chain disruption; input cost increase; trade diversion,importers; exporters; trade policy analysts
2026-10-01_Credit_easing_36c88142,2026-10-01,Credit Allocation Loosening,Credit,financial_conditions,easing,high,credit_growth_acceleration,3–6 months,Expanded bank lending improves investment and working capital availability across the real economy.,"BB raises pre-shipment credit fund to Tk 7,000 cr - Bangladesh Sangbad Sangstha (BSS)",Bangladesh Sangbad Sangstha (BSS),investment pickup; working capital expansion; GDP growth support,commercial banks; corporate borrowers; investment desks
2026-10-01_Energy_easing_4319df0a,2026-10-01,Energy Supply Improvement,Energy,production_constraint,easing,medium,load_shedding_reduction,immediate,"Improved power and gas supply expands industrial operating hours, lowers unit costs, and reduces reliance on captive generation.","Bangladesh’s Coal Power Overtakes Gas, Challenging LNG Demand Forecasts",Межа. Новини України.,output normalization; production cost relief; inflation pressure easing,industrial producers; manufacturers; energy traders
2026-10-01_Energy_tightening_c9a920f6,2026-10-01,Energy Supply Constraint,Energy,production_constraint,tightening,medium,load_shedding_intensity,immediate,"Energy shortages restrict industrial operating hours, raise unit costs, and force firms to rely on expensive captive generation.",ENERGY WATCH: Bangladesh's coal turn a bad sign for LNG,TradingView,output loss; production cost increase; cost-push inflation,industrial producers; manufacturers; energy traders
2026-10-01_Logistics_tightening_d2bc9897,2026-10-01,Logistics Disruption,Logistics,production_constraint,tightening,medium,transport_bottleneck,immediate–1 month,"Port congestion, transport disruption, or infrastructure failure raises delivery times and costs across supply chains.","Two separate vessel collisions occur on same day off Chittagong, Bangladesh",Baird Maritime,supply chain delays; higher transport costs; export shipment bottleneck,exporters; importers; logistics firms
2026-10-01_Energy_tightening_edb9ef69,2026-10-01,Energy Supply Constraint,Energy,production_constraint,tightening,high,load_shedding_intensity,immediate,"Energy shortages restrict industrial operating hours, raise unit costs, and force firms to rely on expensive captive generation.",Adani coal shortage cuts power supply to Bangladesh to 500-600MW,The Business Standard,output loss; production cost increase; cost-push inflation,industrial producers; manufacturers; energy traders
2026-10-01_Food_Prices_tightening_815498a9,2026-10-01,Food Price Pressure,Food Prices,price_signal,tightening,high,staple_price_acceleration,immediate–3 months,"Rising staple prices compress real incomes of the poor, raise wage demands, and feed into broader inflation expectations.",‘Rice price increasing beyond control despite record stock’,The Financial Express,real income erosion for the poor; wage pressure; headline inflation rise,consumer sector; food importers; social protection agencies
2026-10-01_Fiscal_tightening_4f2f138b,2026-10-01,Fiscal Revenue Stress,Fiscal,fiscal,tightening,high,revenue_collection_shortfall,3–6 months,"Tax revenue shortfalls force expenditure compression or borrowing, crowding out development spending and raising domestic debt costs.","Govt plans to borrow Tk30,107cr through treasury bills, bonds in October-December",The Business Standard — Economy,development spending cut; domestic borrowing increase; treasury yield pressure,bond market; development agencies; government contractors
2026-10-01_Capital_Markets_easing_3d7f0189,2026-10-01,Capital Markets Recovery,Capital Markets,financial_conditions,easing,medium,equity_market_rally,immediate–3 months,"Equity market gains, FDI inflows, or portfolio inflows signal improving investor confidence and easier financing conditions.",mCapital launches $1b fund to channel NRB investment into Bangladesh,The Business Standard — Economy,equity valuation gain; FDI recovery; market liquidity expansion,equity investors; portfolio managers; foreign investors
2026-10-01_Energy_tightening_c7899340,2026-10-01,Energy Supply Constraint,Energy,production_constraint,tightening,high,load_shedding_intensity,immediate,"Energy shortages restrict industrial operating hours, raise unit costs, and force firms to rely on expensive captive generation.",October fuel-price freeze offers little relief as September hike hits markets,The Business Standard — Economy,output loss; production cost increase; cost-push inflation,industrial producers; manufacturers; energy traders
2026-10-01_Remittances_tightening_c4d26f31,2026-10-01,Remittance Flow Disruption,Remittances,balance_of_payments,tightening,high,remittance_growth_decline,1–3 months,"Remittance slowdown reduces rural household income, weakens consumption demand, and tightens FX supply.","Sept remittance inflow falls to $2.77b, 11-month low",The Business Standard — Economy,rural consumption slowdown; FX supply reduction; hundi channel widening,rural economy analysts; consumer sector; central bank
2026-10-01_Agriculture_easing_74d37279,2026-10-01,Agricultural Output Gain,Agriculture,supply_shock,easing,medium,crop_yield_increase,1–6 months,"Favorable weather, strong harvests, or input availability raise agricultural output, ease food prices, and lift rural incomes.","Govt to buy fertiliser from Russia via Oman, UAE amid Middle East supply risks",The Business Standard — Economy,crop output gain; food price moderation; rural income support,agricultural sector; food security analysts; consumer sector
2026-10-01_Logistics_easing_2f672cd4,2026-10-01,Logistics Improvement,Logistics,production_constraint,easing,medium,transport_capacity_expansion,immediate–1 month,"Port throughput gains, transport improvements, or new infrastructure cut delivery times and lower costs across supply chains.",Govt okays 15-yr plan for foreign operator to manage Ctg Port's NCT,The Business Standard — Economy,supply chain acceleration; lower transport costs; export throughput gains,exporters; importers; logistics firms
2026-10-01_Energy_easing_79cdb34a,2026-10-01,Energy Supply Improvement,Energy,production_constraint,easing,medium,load_shedding_reduction,immediate,"Improved power and gas supply expands industrial operating hours, lowers unit costs, and reduces reliance on captive generation.",Rooppur Unit-1 clears 16 MPa high-pressure test of Pressure Operated Relief Valve,The Business Standard — Economy,output normalization; production cost relief; inflation pressure easing,industrial producers; manufacturers; energy traders
2026-09-30_Exports_tightening_ecaf4335,2026-09-30,Export Demand Contraction,Exports,balance_of_payments,tightening,medium,export_orders_decline,1–3 months,"Weak external demand reduces factory utilization, compresses labor income, and lowers FX earnings.",Bangladesh's US buying spree fails to bring export benefit,Nikkei Asia,lower manufacturing output; urban income slowdown; FX earnings pressure,exporters; garment sector; currency desks
2026-09-30_Exports_tightening_4ff29541,2026-09-30,Export Demand Contraction,Exports,balance_of_payments,tightening,medium,export_orders_decline,1–3 months,"Weak external demand reduces factory utilization, compresses labor income, and lowers FX earnings.",Bangladesh's export supply chain riddled with 66 info gaps,The Financial Express,lower manufacturing output; urban income slowdown; FX earnings pressure,exporters; garment sector; currency desks
2026-09-30_Banking_tightening_46e250f2,2026-09-30,Banking Sector Fragility,Banking,financial_conditions,tightening,high,npl_ratio_deterioration,3–12 months,"Rising non-performing loans, governance failures, or liquidity stress in banks constrain credit intermediation and erode depositor confidence.","City Group faces default risk as banks balk at Tk6,000cr fresh funding",The Business Standard,credit rationing; deposit flight risk; fiscal contingent liability,depositors; bank regulators; financial analysts
2026-09-30_Banking_easing_bb6d10b6,2026-09-30,Banking Sector Strengthening,Banking,financial_conditions,easing,low,npl_ratio_improvement,3–12 months,"Declining NPLs, stronger governance, or improved liquidity conditions restore credit intermediation capacity and depositor confidence.",World Bank-funded project approved for major banking-sector reforms,The Financial Express,credit expansion capacity; deposit confidence; contingent liability easing,depositors; bank regulators; financial analysts
2026-09-30_Energy_tightening_9e6c37d1,2026-09-30,Energy Supply Constraint,Energy,production_constraint,tightening,high,load_shedding_intensity,immediate,"Energy shortages restrict industrial operating hours, raise unit costs, and force firms to rely on expensive captive generation.","Qatar extends force majeure notices on LNG supply to Edison, Asian clients including Bangladesh",The Business Standard,output loss; production cost increase; cost-push inflation,industrial producers; manufacturers; energy traders
2026-09-30_Energy_tightening_edbeec2c,2026-09-30,Energy Supply Constraint,Energy,production_constraint,tightening,medium,load_shedding_intensity,immediate,"Energy shortages restrict industrial operating hours, raise unit costs, and force firms to rely on expensive captive generation.",Pakistan blocks airspace for Russian flight carrying nuclear fuel for Bangladesh’s Rooppur plant,WION,output loss; production cost increase; cost-push inflation,industrial producers; manufacturers; energy traders
2026-09-30_Energy_easing_66203dd5,2026-09-30,Energy Supply Improvement,Energy,production_constraint,easing,medium,load_shedding_reduction,immediate,"Improved power and gas supply expands industrial operating hours, lowers unit costs, and reduces reliance on captive generation.","No LPG shortage in Bangladesh, operators assure energy minister",The Business Standard,output normalization; production cost relief; inflation pressure easing,industrial producers; manufacturers; energy traders
2026-09-30_Fiscal_tightening_df77c636,2026-09-30,Fiscal Revenue Stress,Fiscal,fiscal,tightening,high,revenue_collection_shortfall,3–6 months,"Tax revenue shortfalls force expenditure compression or borrowing, crowding out development spending and raising domestic debt costs.","Govt borrows Tk16,601cr from banks in first two months of FY27",The Business Standard — Economy,development spending cut; domestic borrowing increase; treasury yield pressure,bond market; development agencies; government contractors
2026-09-30_Credit_tightening_0666f76c,2026-09-30,Credit Allocation Tightening,Credit,financial_conditions,tightening,high,credit_growth_slowdown,3–6 months,Bank lending constraints reduce investment and working capital availability across the real economy.,Private sector credit growth stays below 5% for six months,The Business Standard — Economy,investment slowdown; working capital shortages; lower GDP growth,commercial banks; corporate borrowers; investment desks
2026-09-30_Remittances_easing_6db99ff1,2026-09-30,Remittance Flow Strengthening,Remittances,balance_of_payments,easing,high,remittance_growth_acceleration,1–3 months,"Rising remittances lift rural household income, strengthen consumption demand, and expand formal FX supply.",Remittance inflow rises 13.5pc in first three months of FY27 - Bangladesh Sangbad Sangstha (BSS),Bangladesh Sangbad Sangstha (BSS),rural consumption boost; FX supply expansion; formal channel share rising,rural economy analysts; consumer sector; central bank
2026-09-30_Food_Prices_tightening_545006dc,2026-09-30,Food Price Pressure,Food Prices,price_signal,tightening,medium,staple_price_acceleration,immediate–3 months,"Rising staple prices compress real incomes of the poor, raise wage demands, and feed into broader inflation expectations.","New pay scale, fuel prices compound inflation risks: Bangladesh Bank",The Business Standard,real income erosion for the poor; wage pressure; headline inflation rise,consumer sector; food importers; social protection agencies
2026-09-30_Foreign_Exchange_easing_8258ed9d,2026-09-30,External Liquidity Improvement,Foreign Exchange,balance_of_payments,easing,high,fx_reserves_recovery,1–3 months,"Rising reserves and improved BoP position ease import financing constraints, narrow the informal FX premium, and restore normal trade settlement.",Bangladesh’s forex reserves reach $36.15b - en.bd-pratidin.com,en.bd-pratidin.com,import normalization; informal FX premium narrowing; reserve buffer strengthening,trade finance banks; importers; currency desks
2026-09-30_Energy_tightening_c9388819,2026-09-30,Energy Supply Constraint,Energy,production_constraint,tightening,medium,load_shedding_intensity,immediate,"Energy shortages restrict industrial operating hours, raise unit costs, and force firms to rely on expensive captive generation.","Bangladesh: Garment factories face energy crisis amid fuel hike, threatening workers' livelihoods",Business and Human Rights Centre,output loss; production cost increase; cost-push inflation,industrial producers; manufacturers; energy traders
2026-09-30_Trade_Policy_easing_06d22159,2026-09-30,Trade Policy Liberalization,Trade Policy,policy_shock,easing,medium,trade_regime_opening,1–6 months,"Tariff reductions, liberalization measures, or preferential access agreements lower input costs and open new market access.",Local drugmakers see little gain from US tariff exemption,The Daily Star,supply chain diversification; input cost reduction; export market expansion,importers; exporters; trade policy analysts
2026-09-30_Energy_easing_f110e13f,2026-09-30,Energy Supply Improvement,Energy,production_constraint,easing,medium,load_shedding_reduction,immediate,"Improved power and gas supply expands industrial operating hours, lowers unit costs, and reduces reliance on captive generation.","Factory production rebounds as gas, power supplies improve - Bangladesh Sangbad Sangstha (BSS)",Bangladesh Sangbad Sangstha (BSS),output normalization; production cost relief; inflation pressure easing,industrial producers; manufacturers; energy traders
2026-09-30_Exports_easing_819999c0,2026-09-30,Export Demand Expansion,Exports,balance_of_payments,easing,low,export_orders_increase,1–3 months,"Rising external demand lifts factory utilization, expands labor income, and strengthens FX earnings.",Govt picks 18 countries for export diversification push,The Daily Star,higher manufacturing output; urban employment gains; FX earnings boost,exporters; garment sector; currency desks
2026-09-30_Capital_Markets_easing_728715f0,2026-09-30,Capital Markets Recovery,Capital Markets,financial_conditions,easing,high,equity_market_rally,immediate–3 months,"Equity market gains, FDI inflows, or portfolio inflows signal improving investor confidence and easier financing conditions.",ADB to give TK Group concern $50m for polyester chips project,The Daily Star,equity valuation gain; FDI recovery; market liquidity expansion,equity investors; portfolio managers; foreign investors
2026-09-30_Energy_tightening_c6ca71cd,2026-09-30,Energy Supply Constraint,Energy,production_constraint,tightening,medium,load_shedding_intensity,immediate,"Energy shortages restrict industrial operating hours, raise unit costs, and force firms to rely on expensive captive generation.",Reduced supply drives up LPG cylinder prices,The Daily Star,output loss; production cost increase; cost-push inflation,industrial producers; manufacturers; energy traders
2026-09-30_Banking_easing_762d395d,2026-09-30,Banking Sector Strengthening,Banking,financial_conditions,easing,high,npl_ratio_improvement,3–12 months,"Declining NPLs, stronger governance, or improved liquidity conditions restore credit intermediation capacity and depositor confidence.",VEON and Square Group JV secures digital bank licence in Bangladesh,The Paypers,credit expansion capacity; deposit confidence; contingent liability easing,depositors; bank regulators; financial analysts
2026-09-30_Logistics_easing_fc5ce3d4,2026-09-30,Logistics Improvement,Logistics,production_constraint,easing,medium,transport_capacity_expansion,immediate–1 month,"Port throughput gains, transport improvements, or new infrastructure cut delivery times and lower costs across supply chains.",Turkish Airlines eyes 10 weekly Dhaka-Istanbul flights,The Daily Star,supply chain acceleration; lower transport costs; export throughput gains,exporters; importers; logistics firms
2026-09-30_Logistics_tightening_ff3cd70d,2026-09-30,Logistics Disruption,Logistics,production_constraint,tightening,high,transport_bottleneck,immediate–1 month,"Port congestion, transport disruption, or infrastructure failure raises delivery times and costs across supply chains.",3 Ships Damaged In Two Separate Collisions At Bangladesh’s Chittagong Port,Marine Insight,supply chain delays; higher transport costs; export shipment bottleneck,exporters; importers; logistics firms
2026-09-30_Energy_tightening_79b44f24,2026-09-30,Energy Supply Constraint,Energy,production_constraint,tightening,medium,load_shedding_intensity,immediate,"Energy shortages restrict industrial operating hours, raise unit costs, and force firms to rely on expensive captive generation.","Govt asks DCs to investigate complaints of LPG shortages, overcharging",The Daily Star,output loss; production cost increase; cost-push inflation,industrial producers; manufacturers; energy traders
2026-09-30_Energy_tightening_6f9d8256,2026-09-30,Energy Supply Constraint,Energy,production_constraint,tightening,medium,load_shedding_intensity,immediate,"Energy shortages restrict industrial operating hours, raise unit costs, and force firms to rely on expensive captive generation.",Govt orders DCs to probe artificial LPG shortage - daily-sun.com,daily-sun.com,output loss; production cost increase; cost-push inflation,industrial producers; manufacturers; energy traders
2026-09-30_Energy_tightening_25bc5398,2026-09-30,Energy Supply Constraint,Energy,production_constraint,tightening,medium,load_shedding_intensity,immediate,"Energy shortages restrict industrial operating hours, raise unit costs, and force firms to rely on expensive captive generation.",Govt asks DCs to probe LPG supply irregularities - daily-sun.com,daily-sun.com,output loss; production cost increase; cost-push inflation,industrial producers; manufacturers; energy traders
2026-09-30_Energy_tightening_3884fc71,2026-09-30,Energy Supply Constraint,Energy,production_constraint,tightening,medium,load_shedding_intensity,immediate,"Energy shortages restrict industrial operating hours, raise unit costs, and force firms to rely on expensive captive generation.","Magura Palli Bidyut GM suspended over Tk506cr power bill; minister calls customer, expresses regret",The Business Standard,output loss; production cost increase; cost-push inflation,industrial producers; manufacturers; energy traders
2026-09-30_Fiscal_easing_3d89a97a,2026-09-30,Fiscal Revenue Improvement,Fiscal,fiscal,easing,high,revenue_collection_growth,3–6 months,"Revenue collection gains relieve expenditure compression, support development spending, and ease pressure on domestic borrowing.",ECNEC approves 13 projects involving BDT 158.23 billion,Daily Bonik Barta,development spending room; domestic borrowing relief; treasury yield easing,bond market; development agencies; government contractors
2026-09-30_Capital_Markets_tightening_ef71fe8e,2026-09-30,Capital Markets Stress,Capital Markets,financial_conditions,tightening,high,equity_market_decline,immediate–3 months,"Equity market declines, FDI withdrawals, or portfolio outflows signal deteriorating investor confidence and tighter financing conditions.",Seven banks dropped from CSE50 benchmark index,The Business Standard — Economy,equity valuation decline; FDI slowdown; market liquidity tightening,equity investors; portfolio managers; foreign investors
2026-09-30_Foreign_Exchange_easing_c8d5e552,2026-09-30,External Liquidity Improvement,Foreign Exchange,balance_of_payments,easing,medium,fx_reserves_recovery,1–3 months,"Rising reserves and improved BoP position ease import financing constraints, narrow the informal FX premium, and restore normal trade settlement.","BB sets procedures for outward remittances, travel forex - Bangladesh Sangbad Sangstha (BSS)",Bangladesh Sangbad Sangstha (BSS),import normalization; informal FX premium narrowing; reserve buffer strengthening,trade finance banks; importers; currency desks
2026-09-30_Monetary_Policy_tightening_22109cfc,2026-09-30,Monetary Policy Tightening,Monetary Policy,financial_conditions,tightening,medium,policy_rate_hike,1–6 months,"Central bank tightening raises borrowing costs, slows credit expansion, and signals concern about inflation or external balance.","Civil service pay rises risk driving up inflation, Bangladesh Bank warns",bdnews24.com,higher borrowing costs; bond yield rise; investment dampening,banks; bond market; corporate treasurers
2026-09-30_Monetary_Policy_tightening_ed6d7a89,2026-09-30,Monetary Policy Tightening,Monetary Policy,financial_conditions,tightening,medium,policy_rate_hike,1–6 months,"Central bank tightening raises borrowing costs, slows credit expansion, and signals concern about inflation or external balance.","BB sees weaker growth, elevated inflation ahead",The Daily Star,higher borrowing costs; bond yield rise; investment dampening,banks; bond market; corporate treasurers
2026-09-30_Energy_tightening_830356c7,2026-09-30,Energy Supply Constraint,Energy,production_constraint,tightening,high,load_shedding_intensity,immediate,"Energy shortages restrict industrial operating hours, raise unit costs, and force firms to rely on expensive captive generation.",BERC adjusts furnace oil price - Bangladesh Sangbad Sangstha (BSS),Bangladesh Sangbad Sangstha (BSS),output loss; production cost increase; cost-push inflation,industrial producers; manufacturers; energy traders
2026-09-30_Food_Prices_easing_b3e1913b,2026-09-30,Food Price Relief,Food Prices,price_signal,easing,high,staple_price_deceleration,immediate–3 months,"Stabilizing or falling staple prices restore real incomes of the poor, ease wage pressure, and moderate inflation expectations.",Bangladesh Inflation August 2026 | August inflation eases to 8.26%,thedailystar.net,real income recovery for the poor; wage pressure easing; headline inflation moderation,consumer sector; food importers; social protection agencies
2026-09-29_Energy_tightening_a31fb037,2026-09-29,Energy Supply Constraint,Energy,production_constraint,tightening,medium,load_shedding_intensity,immediate,"Energy shortages restrict industrial operating hours, raise unit costs, and force firms to rely on expensive captive generation.",Lubricant prices climb as Middle East crisis squeezes Bangladesh market,The Business Standard,output loss; production cost increase; cost-push inflation,industrial producers; manufacturers; energy traders
2026-09-29_Trade_Policy_easing_a0ce62f3,2026-09-29,Trade Policy Liberalization,Trade Policy,policy_shock,easing,high,trade_regime_opening,1–6 months,"Tariff reductions, liberalization measures, or preferential access agreements lower input costs and open new market access.",Bangladesh among 20 nations exempt from US specialty drug tariffs,bdnews24.com,supply chain diversification; input cost reduction; export market expansion,importers; exporters; trade policy analysts
2026-09-29_Trade_Policy_tightening_1db8f2c7,2026-09-29,Trade Policy Restriction,Trade Policy,policy_shock,tightening,high,trade_regime_tightening,1–6 months,"Import bans, tariff hikes, or trade partner restrictions alter relative prices and disrupt established supply chains.",India imposes fresh anti-dumping duties on Bangladeshi jute products,textiletoday.com.bd,supply chain disruption; input cost increase; trade diversion,importers; exporters; trade policy analysts
2026-09-29_Exports_easing_00b4c1ef,2026-09-29,Export Demand Expansion,Exports,balance_of_payments,easing,low,export_orders_increase,1–3 months,"Rising external demand lifts factory utilization, expands labor income, and strengthens FX earnings.","Sights on 18 key global markets to boost export, reduce RMG reliance",The Financial Express,higher manufacturing output; urban employment gains; FX earnings boost,exporters; garment sector; currency desks
2026-09-29_Credit_tightening_ddf8ae56,2026-09-29,Credit Allocation Tightening,Credit,financial_conditions,tightening,medium,credit_growth_slowdown,3–6 months,Bank lending constraints reduce investment and working capital availability across the real economy.,Rising metro loan interest rates force Bangladesh to rethink funding,The Business Standard,investment slowdown; working capital shortages; lower GDP growth,commercial banks; corporate borrowers; investment desks
2026-09-29_Food_Prices_tightening_dde544c9,2026-09-29,Food Price Pressure,Food Prices,price_signal,tightening,high,staple_price_acceleration,immediate–3 months,"Rising staple prices compress real incomes of the poor, raise wage demands, and feed into broader inflation expectations.",Poultry feed prices jump twice in a month as raw material costs rise 27%,The Business Standard — Economy,real income erosion for the poor; wage pressure; headline inflation rise,consumer sector; food importers; social protection agencies
2026-09-29_Fiscal_easing_b83f6407,2026-09-29,Fiscal Revenue Improvement,Fiscal,fiscal,easing,medium,revenue_collection_growth,3–6 months,"Revenue collection gains relieve expenditure compression, support development spending, and ease pressure on domestic borrowing.",Bangladesh targets $1b in maiden sovereign bond in int’l market,New Age BD,development spending room; domestic borrowing relief; treasury yield easing,bond market; development agencies; government contractors
2026-09-29_Energy_easing_82c7ee7b,2026-09-29,Energy Supply Improvement,Energy,production_constraint,easing,medium,load_shedding_reduction,immediate,"Improved power and gas supply expands industrial operating hours, lowers unit costs, and reduces reliance on captive generation.",India set to resume methanol exports to Bangladesh,The Business Standard,output normalization; production cost relief; inflation pressure easing,industrial producers; manufacturers; energy traders
2026-09-29_Remittances_easing_d624941c,2026-09-29,Remittance Flow Strengthening,Remittances,balance_of_payments,easing,high,remittance_growth_acceleration,1–3 months,"Rising remittances lift rural household income, strengthen consumption demand, and expand formal FX supply.",Remittance inflow up 13.5% y-on-y till Sep 28: BB,unb.com.bd,rural consumption boost; FX supply expansion; formal channel share rising,rural economy analysts; consumer sector; central bank
2026-09-29_Trade_Policy_easing_8bcf7490,2026-09-29,Trade Policy Liberalization,Trade Policy,policy_shock,easing,medium,trade_regime_opening,1–6 months,"Tariff reductions, liberalization measures, or preferential access agreements lower input costs and open new market access.",Bangladesh exempted from US tariffs on specialty drugs,New Age BD,supply chain diversification; input cost reduction; export market expansion,importers; exporters; trade policy analysts
2026-09-29_Trade_Policy_easing_e402982d,2026-09-29,Trade Policy Liberalization,Trade Policy,policy_shock,easing,medium,trade_regime_opening,1–6 months,"Tariff reductions, liberalization measures, or preferential access agreements lower input costs and open new market access.",Bangladesh closer to joining world's largest free-trade bloc as RCEP working group approved,The Business Standard,supply chain diversification; input cost reduction; export market expansion,importers; exporters; trade policy analysts
2026-09-29_Trade_Policy_easing_1517629f,2026-09-29,Trade Policy Liberalization,Trade Policy,policy_shock,easing,high,trade_regime_opening,1–6 months,"Tariff reductions, liberalization measures, or preferential access agreements lower input costs and open new market access.",US Grants Tariff Exemptions to Bangladesh on Specialized Pharmaceuticals,RTV News,supply chain diversification; input cost reduction; export market expansion,importers; exporters; trade policy analysts
2026-09-29_Trade_Policy_easing_ddb6d671,2026-09-29,Trade Policy Liberalization,Trade Policy,policy_shock,easing,medium,trade_regime_opening,1–6 months,"Tariff reductions, liberalization measures, or preferential access agreements lower input costs and open new market access.",US grants zero tariff on selected Bangladeshi specialty drugs - daily-sun.com,daily-sun.com,supply chain diversification; input cost reduction; export market expansion,importers; exporters; trade policy analysts
2026-09-29_Trade_Policy_easing_c5efc232,2026-09-29,Trade Policy Liberalization,Trade Policy,policy_shock,easing,high,trade_regime_opening,1–6 months,"Tariff reductions, liberalization measures, or preferential access agreements lower input costs and open new market access.","US waives tariffs on specialty drugs from Bangladesh, 19 other countries",TheReport.live,supply chain diversification; input cost reduction; export market expansion,importers; exporters; trade policy analysts
2026-09-29_Trade_Policy_easing_9d5a1fcc,2026-09-29,Trade Policy Liberalization,Trade Policy,policy_shock,easing,high,trade_regime_opening,1–6 months,"Tariff reductions, liberalization measures, or preferential access agreements lower input costs and open new market access.","US exempts Bangladesh, 19 others from specialty drug tariffs",The Financial Express,supply chain diversification; input cost reduction; export market expansion,importers; exporters; trade policy analysts
2026-09-29_Trade_Policy_easing_fb150b62,2026-09-29,Trade Policy Liberalization,Trade Policy,policy_shock,easing,high,trade_regime_opening,1–6 months,"Tariff reductions, liberalization measures, or preferential access agreements lower input costs and open new market access.",US exempts Bangladesh from 100% tariff on speciality drugs,Jagonews24,supply chain diversification; input cost reduction; export market expansion,importers; exporters; trade policy analysts
2026-09-29_Trade_Policy_easing_5feb9fe5,2026-09-29,Trade Policy Liberalization,Trade Policy,policy_shock,easing,high,trade_regime_opening,1–6 months,"Tariff reductions, liberalization measures, or preferential access agreements lower input costs and open new market access.",Bangladesh gets US tariff exemption on drugs,Daily Observer,supply chain diversification; input cost reduction; export market expansion,importers; exporters; trade policy analysts
2026-09-29_Trade_Policy_easing_76203874,2026-09-29,Trade Policy Liberalization,Trade Policy,policy_shock,easing,medium,trade_regime_opening,1–6 months,"Tariff reductions, liberalization measures, or preferential access agreements lower input costs and open new market access.",Bangladesh among 20 nations exempt from US tariffs on specialty drugs,The Business Standard,supply chain diversification; input cost reduction; export market expansion,importers; exporters; trade policy analysts
2026-09-29_Exports_easing_74ce7d67,2026-09-29,Export Demand Expansion,Exports,balance_of_payments,easing,low,export_orders_increase,1–3 months,"Rising external demand lifts factory utilization, expands labor income, and strengthens FX earnings.","Bangladesh jute sector targets $1b exports, 100,000 new jobs by 2030",The Financial Express,higher manufacturing output; urban employment gains; FX earnings boost,exporters; garment sector; currency desks
2026-09-29_Exports_easing_816e02ff,2026-09-29,Export Demand Expansion,Exports,balance_of_payments,easing,high,export_orders_increase,1–3 months,"Rising external demand lifts factory utilization, expands labor income, and strengthens FX earnings.",Chinese firms turn Savar tannery waste into $1.5m exports,The Business Standard,higher manufacturing output; urban employment gains; FX earnings boost,exporters; garment sector; currency desks
2026-09-29_Exports_easing_77da6e56,2026-09-29,Export Demand Expansion,Exports,balance_of_payments,easing,low,export_orders_increase,1–3 months,"Rising external demand lifts factory utilization, expands labor income, and strengthens FX earnings.",Bangladesh renews bid for Japan's $25bn garment market. Will it work this time?,The Financial Express,higher manufacturing output; urban employment gains; FX earnings boost,exporters; garment sector; currency desks
2026-09-29_Exports_easing_819999c0,2026-09-29,Export Demand Expansion,Exports,balance_of_payments,easing,low,export_orders_increase,1–3 months,"Rising external demand lifts factory utilization, expands labor income, and strengthens FX earnings.",Govt picks 18 countries for export diversification push,The Daily Star,higher manufacturing output; urban employment gains; FX earnings boost,exporters; garment sector; currency desks
2026-09-29_Exports_easing_9875af73,2026-09-29,Export Demand Expansion,Exports,balance_of_payments,easing,low,export_orders_increase,1–3 months,"Rising external demand lifts factory utilization, expands labor income, and strengthens FX earnings.","Govt working to boost safe protein production, exports: Tuku - Bangladesh Sangbad Sangstha (BSS)",Bangladesh Sangbad Sangstha (BSS),higher manufacturing output; urban employment gains; FX earnings boost,exporters; garment sector; currency desks
2026-09-29_Banking_easing_20bb4758,2026-09-29,Banking Sector Strengthening,Banking,financial_conditions,easing,medium,npl_ratio_improvement,3–12 months,"Declining NPLs, stronger governance, or improved liquidity conditions restore credit intermediation capacity and depositor confidence.","Veon, Square secure digital bank licence in Bangladesh",Telecompaper,credit expansion capacity; deposit confidence; contingent liability easing,depositors; bank regulators; financial analysts
2026-09-29_Banking_easing_fd062cc3,2026-09-29,Banking Sector Strengthening,Banking,financial_conditions,easing,medium,npl_ratio_improvement,3–12 months,"Declining NPLs, stronger governance, or improved liquidity conditions restore credit intermediation capacity and depositor confidence.","Ecnec Approves Tk.1,276 Crore Project to Reform Banking Sector - businesstimes-bd.com",businesstimes-bd.com,credit expansion capacity; deposit confidence; contingent liability easing,depositors; bank regulators; financial analysts
2026-09-29_Banking_tightening_3215bd31,2026-09-29,Banking Sector Fragility,Banking,financial_conditions,tightening,high,npl_ratio_deterioration,3–12 months,"Rising non-performing loans, governance failures, or liquidity stress in banks constrain credit intermediation and erode depositor confidence.",Bangladesh Bank bars profit from Islamic credit cards,The Daily Star,credit rationing; deposit flight risk; fiscal contingent liability,depositors; bank regulators; financial analysts
2026-09-29_Banking_easing_94095665,2026-09-29,Banking Sector Strengthening,Banking,financial_conditions,easing,medium,npl_ratio_improvement,3–12 months,"Declining NPLs, stronger governance, or improved liquidity conditions restore credit intermediation capacity and depositor confidence.","Govt approves Tk 1,276cr project for stronger bank oversight, financial safeguards",unb.com.bd,credit expansion capacity; deposit confidence; contingent liability easing,depositors; bank regulators; financial analysts
2026-09-29_Banking_easing_051f8f08,2026-09-29,Banking Sector Strengthening,Banking,financial_conditions,easing,medium,npl_ratio_improvement,3–12 months,"Declining NPLs, stronger governance, or improved liquidity conditions restore credit intermediation capacity and depositor confidence.","Ecnec approves Tk1,276cr project to strengthen banking sector reforms",The Business Standard,credit expansion capacity; deposit confidence; contingent liability easing,depositors; bank regulators; financial analysts
2026-09-29_Capital_Markets_easing_35a1751d,2026-09-29,Capital Markets Recovery,Capital Markets,financial_conditions,easing,high,equity_market_rally,immediate–3 months,"Equity market gains, FDI inflows, or portfolio inflows signal improving investor confidence and easier financing conditions.",ADB approves $100mn loan for affordable housing in Bangladesh,dailyasianage.com,equity valuation gain; FDI recovery; market liquidity expansion,equity investors; portfolio managers; foreign investors
2026-09-29_Banking_easing_5083482f,2026-09-29,Banking Sector Strengthening,Banking,financial_conditions,easing,medium,npl_ratio_improvement,3–12 months,"Declining NPLs, stronger governance, or improved liquidity conditions restore credit intermediation capacity and depositor confidence.",World Bank-funded Tk 13b project to reform banking sector,Prothom Alo English,credit expansion capacity; deposit confidence; contingent liability easing,depositors; bank regulators; financial analysts
2026-09-29_Energy_easing_01870969,2026-09-29,Energy Supply Improvement,Energy,production_constraint,easing,medium,load_shedding_reduction,immediate,"Improved power and gas supply expands industrial operating hours, lowers unit costs, and reduces reliance on captive generation.",Bangladesh invites global firms to bid for 26 offshore blocks,New Age BD,output normalization; production cost relief; inflation pressure easing,industrial producers; manufacturers; energy traders
2026-09-29_Energy_tightening_edbeec2c,2026-09-29,Energy Supply Constraint,Energy,production_constraint,tightening,medium,load_shedding_intensity,immediate,"Energy shortages restrict industrial operating hours, raise unit costs, and force firms to rely on expensive captive generation.",Pakistan blocks airspace for Russian flight carrying nuclear fuel for Bangladesh’s Rooppur plant,wionews.com,output loss; production cost increase; cost-push inflation,industrial producers; manufacturers; energy traders
2026-09-29_Energy_tightening_4b58326c,2026-09-29,Energy Supply Constraint,Energy,production_constraint,tightening,high,load_shedding_intensity,immediate,"Energy shortages restrict industrial operating hours, raise unit costs, and force firms to rely on expensive captive generation.",QatarEnergy suspends LNG supply to Bangladesh till November,Prothom Alo English,output loss; production cost increase; cost-push inflation,industrial producers; manufacturers; energy traders
2026-09-29_Fiscal_easing_be4e4d1b,2026-09-29,Fiscal Revenue Improvement,Fiscal,fiscal,easing,high,revenue_collection_growth,3–6 months,"Revenue collection gains relieve expenditure compression, support development spending, and ease pressure on domestic borrowing.",ECNEC approves 13 projects involving Tk 158.24b,Prothom Alo English,development spending room; domestic borrowing relief; treasury yield easing,bond market; development agencies; government contractors
2026-09-29_Energy_easing_84e5ad75,2026-09-29,Energy Supply Improvement,Energy,production_constraint,easing,medium,load_shedding_reduction,immediate,"Improved power and gas supply expands industrial operating hours, lowers unit costs, and reduces reliance on captive generation.",Telecom batteries get 2nd life to boost rural backup power - Bangladesh Sangbad Sangstha (BSS),Bangladesh Sangbad Sangstha (BSS),output normalization; production cost relief; inflation pressure easing,industrial producers; manufacturers; energy traders
2026-09-29_Energy_tightening_8e5e60f5,2026-09-29,Energy Supply Constraint,Energy,production_constraint,tightening,high,load_shedding_intensity,immediate,"Energy shortages restrict industrial operating hours, raise unit costs, and force firms to rely on expensive captive generation.",Bangladesh’s power crisis deepens: Pakistan blocks Russian flight carrying nuclear fuel for Rooppur power p...,Bhaskar English,output loss; production cost increase; cost-push inflation,industrial producers; manufacturers; energy traders
2026-09-29_Geopolitical_Risk_tightening_f027763a,2026-09-29,Geopolitical Risk Escalation,Geopolitical Risk,external_shock,tightening,medium,geopolitical_tension_rise,1–6 months,"Regional conflicts, trade sanctions, or Gulf state policy shifts disrupt migrant labor markets, trade routes, and energy supply chains affecting Bangladesh.",Pakistan denies airspace to Russian uranium flight for Bangladesh’s Rooppur plant; cites technical...,Moneycontrol.com,remittance channel disruption; trade route uncertainty; energy price volatility,exporters; remittance-dependent sectors; energy importers
2026-09-29_Capital_Markets_easing_ab484a99,2026-09-29,Capital Markets Recovery,Capital Markets,financial_conditions,easing,medium,equity_market_rally,immediate–3 months,"Equity market gains, FDI inflows, or portfolio inflows signal improving investor confidence and easier financing conditions.","Foreign investors return to Dhaka stocks as reforms, MSCI move lift confidence",The Business Standard,equity valuation gain; FDI recovery; market liquidity expansion,equity investors; portfolio managers; foreign investors
2026-09-29_Capital_Markets_easing_fea3ca79,2026-09-29,Capital Markets Recovery,Capital Markets,financial_conditions,easing,high,equity_market_rally,immediate–3 months,"Equity market gains, FDI inflows, or portfolio inflows signal improving investor confidence and easier financing conditions.",Apex Footwear to raise Tk500cr thru preference shares to cut debt,The Business Standard,equity valuation gain; FDI recovery; market liquidity expansion,equity investors; portfolio managers; foreign investors
2026-09-29_Credit_easing_3a58bb32,2026-09-29,Credit Allocation Loosening,Credit,financial_conditions,easing,medium,credit_growth_acceleration,3–6 months,Expanded bank lending improves investment and working capital availability across the real economy.,Loan deal signed with ADB for energy-efficient polyester chip factory,unb.com.bd,investment pickup; working capital expansion; GDP growth support,commercial banks; corporate borrowers; investment desks
2026-09-29_Credit_easing_6ba1ad27,2026-09-29,Credit Allocation Loosening,Credit,financial_conditions,easing,medium,credit_growth_acceleration,3–6 months,Expanded bank lending improves investment and working capital availability across the real economy.,Cenbank issues first Islamic credit card guidelines,The Business Standard — Economy,investment pickup; working capital expansion; GDP growth support,commercial banks; corporate borrowers; investment desks
2026-09-29_Credit_easing_77a3cd65,2026-09-29,Credit Allocation Loosening,Credit,financial_conditions,easing,high,credit_growth_acceleration,3–6 months,Expanded bank lending improves investment and working capital availability across the real economy.,"ADB, Modern Syntex sign $50m loan deal to expand polyester chips production",The Business Standard — Economy,investment pickup; working capital expansion; GDP growth support,commercial banks; corporate borrowers; investment desks
2026-09-29_Foreign_Exchange_tightening_d056ec65,2026-09-29,External Liquidity Stress,Foreign Exchange,balance_of_payments,tightening,high,fx_reserves_pressure,1–3 months,"Foreign exchange shortages constrain import financing, widen the informal premium, and force rationing of dollar-denominated obligations.","Bangladesh repays $699m in foreign debt, receives $295m in July-August",The Business Standard,import compression; industrial input shortage; informal FX premium widening,trade finance banks; importers; currency desks
2026-09-29_Remittances_easing_3f7ac928,2026-09-29,Remittance Flow Strengthening,Remittances,balance_of_payments,easing,high,remittance_growth_acceleration,1–3 months,"Rising remittances lift rural household income, strengthen consumption demand, and expand formal FX supply.",BRAC Bank's foreign remittances cross $ 2.5 billion,bssnews.net,rural consumption boost; FX supply expansion; formal channel share rising,rural economy analysts; consumer sector; central bank
2026-09-29_Remittances_easing_1c8db868,2026-09-29,Remittance Flow Strengthening,Remittances,balance_of_payments,easing,high,remittance_growth_acceleration,1–3 months,"Rising remittances lift rural household income, strengthen consumption demand, and expand formal FX supply.",Remittance inflow rises 13.5pc during July 1-Sept 28 of FY27,bssnews.net,rural consumption boost; FX supply expansion; formal channel share rising,rural economy analysts; consumer sector; central bank
2026-09-29_Trade_Policy_tightening_8070adf2,2026-09-29,Trade Policy Restriction,Trade Policy,policy_shock,tightening,high,trade_regime_tightening,1–6 months,"Import bans, tariff hikes, or trade partner restrictions alter relative prices and disrupt established supply chains.",India imposes fresh anti-dumping duties on Bangladesh jute goods,Asia News Network,supply chain disruption; input cost increase; trade diversion,importers; exporters; trade policy analysts
2026-09-29_Trade_Policy_easing_f0f8dd47,2026-09-29,Trade Policy Liberalization,Trade Policy,policy_shock,easing,medium,trade_regime_opening,1–6 months,"Tariff reductions, liberalization measures, or preferential access agreements lower input costs and open new market access.",Bangladesh remains exempted from US tariffs on specialised medicines,The Business Standard,supply chain diversification; input cost reduction; export market expansion,importers; exporters; trade policy analysts
2026-09-29_Banking_easing_2d3bd5d0,2026-09-29,Banking Sector Strengthening,Banking,financial_conditions,easing,low,npl_ratio_improvement,3–12 months,"Declining NPLs, stronger governance, or improved liquidity conditions restore credit intermediation capacity and depositor confidence.",ECNEC clears 13 projects including banking reform plan - daily-sun.com,daily-sun.com,credit expansion capacity; deposit confidence; contingent liability easing,depositors; bank regulators; financial analysts
2026-09-29_Capital_Markets_easing_7caf957f,2026-09-29,Capital Markets Recovery,Capital Markets,financial_conditions,easing,medium,equity_market_rally,immediate–3 months,"Equity market gains, FDI inflows, or portfolio inflows signal improving investor confidence and easier financing conditions.",Bangladesh invites global investors to bid for 26 offshore blocks - daily-sun.com,daily-sun.com,equity valuation gain; FDI recovery; market liquidity expansion,equity investors; portfolio managers; foreign investors
2026-09-29_Logistics_easing_f44e6d98,2026-09-29,Logistics Improvement,Logistics,production_constraint,easing,medium,transport_capacity_expansion,immediate–1 month,"Port throughput gains, transport improvements, or new infrastructure cut delivery times and lower costs across supply chains.",Two modern container jetties to be built at Mongla Port,bssnews.net,supply chain acceleration; lower transport costs; export throughput gains,exporters; importers; logistics firms
2026-09-29_Remittances_easing_b998a750,2026-09-29,Remittance Flow Strengthening,Remittances,balance_of_payments,easing,high,remittance_growth_acceleration,1–3 months,"Rising remittances lift rural household income, strengthen consumption demand, and expand formal FX supply.",BRAC Bank's foreign remittances cross $ 2.5 billion - Bangladesh Sangbad Sangstha (BSS),Bangladesh Sangbad Sangstha (BSS),rural consumption boost; FX supply expansion; formal channel share rising,rural economy analysts; consumer sector; central bank
2026-09-29_Remittances_easing_74c79e48,2026-09-29,Remittance Flow Strengthening,Remittances,balance_of_payments,easing,high,remittance_growth_acceleration,1–3 months,"Rising remittances lift rural household income, strengthen consumption demand, and expand formal FX supply.",Remittance inflow rises 13.5pc during July 1-Sept 28 of FY27 - Bangladesh Sangbad Sangstha (BSS),Bangladesh Sangbad Sangstha (BSS),rural consumption boost; FX supply expansion; formal channel share rising,rural economy analysts; consumer sector; central bank
2026-09-29_Banking_easing_9c178139,2026-09-29,Banking Sector Strengthening,Banking,financial_conditions,easing,medium,npl_ratio_improvement,3–12 months,"Declining NPLs, stronger governance, or improved liquidity conditions restore credit intermediation capacity and depositor confidence.","Ecnec Approves Tk.1,276 Crore World Bank-Funded Banking Reform Project - businesstimes-bd.com",businesstimes-bd.com,credit expansion capacity; deposit confidence; contingent liability easing,depositors; bank regulators; financial analysts
2026-09-29_Geopolitical_Risk_tightening_2725efaa,2026-09-29,Geopolitical Risk Escalation,Geopolitical Risk,external_shock,tightening,high,geopolitical_tension_rise,1–6 months,"Regional conflicts, trade sanctions, or Gulf state policy shifts disrupt migrant labor markets, trade routes, and energy supply chains affecting Bangladesh.",Pak blocks airspace for Russian flight carrying uranium for Bangladesh nuclear plant,inkl,remittance channel disruption; trade route uncertainty; energy price volatility,exporters; remittance-dependent sectors; energy importers
2026-09-29_Credit_easing_a71699a7,2026-09-29,Credit Allocation Loosening,Credit,financial_conditions,easing,high,credit_growth_acceleration,3–6 months,Expanded bank lending improves investment and working capital availability across the real economy.,"ADB, Modern Syntex Sign $50 Million Loan to Expand Energy-Efficient Polyester Chips Production in Bangladesh",Asian Development Bank,investment pickup; working capital expansion; GDP growth support,commercial banks; corporate borrowers; investment desks
2026-09-29_Capital_Markets_easing_59db7000,2026-09-29,Capital Markets Recovery,Capital Markets,financial_conditions,easing,medium,equity_market_rally,immediate–3 months,"Equity market gains, FDI inflows, or portfolio inflows signal improving investor confidence and easier financing conditions.",Investor activity jumps 42% on DSE despite economic headwinds,The Business Standard,equity valuation gain; FDI recovery; market liquidity expansion,equity investors; portfolio managers; foreign investors
2026-09-28_Energy_tightening_a31fb037,2026-09-28,Energy Supply Constraint,Energy,production_constraint,tightening,medium,load_shedding_intensity,immediate,"Energy shortages restrict industrial operating hours, raise unit costs, and force firms to rely on expensive captive generation.",Lubricant prices climb as Middle East crisis squeezes Bangladesh market,The Business Standard,output loss; production cost increase; cost-push inflation,industrial producers; manufacturers; energy traders
2026-09-28_Logistics_easing_65f67808,2026-09-28,Logistics Improvement,Logistics,production_constraint,easing,medium,transport_capacity_expansion,immediate–1 month,"Port throughput gains, transport improvements, or new infrastructure cut delivery times and lower costs across supply chains.",Dibrugarh Set to Resume Overseas River Trade With Methanol Shipment to Bangladesh,Open Magazine,supply chain acceleration; lower transport costs; export throughput gains,exporters; importers; logistics firms
2026-09-28_Exports_easing_039fcedc,2026-09-28,Export Demand Expansion,Exports,balance_of_payments,easing,medium,export_orders_increase,1–3 months,"Rising external demand lifts factory utilization, expands labor income, and strengthens FX earnings.",Jute exports rise 37 per cent as Bangladesh plans to double earnings by 2031,The Financial Express,higher manufacturing output; urban employment gains; FX earnings boost,exporters; garment sector; currency desks
2026-09-28_Exports_easing_44535bfb,2026-09-28,Export Demand Expansion,Exports,balance_of_payments,easing,medium,export_orders_increase,1–3 months,"Rising external demand lifts factory utilization, expands labor income, and strengthens FX earnings.",Japan gains focus as Bangladesh targets a bigger apparel export share,Textile Today,higher manufacturing output; urban employment gains; FX earnings boost,exporters; garment sector; currency desks
2026-09-28_Logistics_tightening_ad82af52,2026-09-28,Logistics Disruption,Logistics,production_constraint,tightening,high,transport_bottleneck,immediate–1 month,"Port congestion, transport disruption, or infrastructure failure raises delivery times and costs across supply chains.",Ctg ICDs see drop in Aug cargo handling,The Financial Express,supply chain delays; higher transport costs; export shipment bottleneck,exporters; importers; logistics firms
2026-09-28_Credit_tightening_ddf8ae56,2026-09-28,Credit Allocation Tightening,Credit,financial_conditions,tightening,medium,credit_growth_slowdown,3–6 months,Bank lending constraints reduce investment and working capital availability across the real economy.,Rising metro loan interest rates force Bangladesh to rethink funding,The Business Standard,investment slowdown; working capital shortages; lower GDP growth,commercial banks; corporate borrowers; investment desks
2026-09-28_Energy_tightening_45cb81de,2026-09-28,Energy Supply Constraint,Energy,production_constraint,tightening,high,load_shedding_intensity,immediate,"Energy shortages restrict industrial operating hours, raise unit costs, and force firms to rely on expensive captive generation.",Power supply to remain suspended in parts of Sylhet Monday,The Business Standard,output loss; production cost increase; cost-push inflation,industrial producers; manufacturers; energy traders
2026-09-28_Trade_Policy_easing_b4ca52c0,2026-09-28,Trade Policy Liberalization,Trade Policy,policy_shock,easing,low,trade_regime_opening,1–6 months,"Tariff reductions, liberalization measures, or preferential access agreements lower input costs and open new market access.",Bangladesh steps up FTA push on multiple fronts,New Age BD,supply chain diversification; input cost reduction; export market expansion,importers; exporters; trade policy analysts
2026-09-28_Exports_easing_574dc884,2026-09-28,Export Demand Expansion,Exports,balance_of_payments,easing,low,export_orders_increase,1–3 months,"Rising external demand lifts factory utilization, expands labor income, and strengthens FX earnings.",Bangladesh targets bigger share of Japan’s apparel market,Apparel Views,higher manufacturing output; urban employment gains; FX earnings boost,exporters; garment sector; currency desks
2026-09-28_Trade_Policy_easing_e402982d,2026-09-28,Trade Policy Liberalization,Trade Policy,policy_shock,easing,medium,trade_regime_opening,1–6 months,"Tariff reductions, liberalization measures, or preferential access agreements lower input costs and open new market access.",Bangladesh closer to joining world's largest free-trade bloc as RCEP working group approved,The Business Standard,supply chain diversification; input cost reduction; export market expansion,importers; exporters; trade policy analysts
2026-09-28_Trade_Policy_tightening_0d028b6f,2026-09-28,Trade Policy Restriction,Trade Policy,policy_shock,tightening,high,trade_regime_tightening,1–6 months,"Import bans, tariff hikes, or trade partner restrictions alter relative prices and disrupt established supply chains.",India Revises Anti-Dumping Duties on Jute Imports from Bangladesh and Nepal,ChemAnalyst,supply chain disruption; input cost increase; trade diversion,importers; exporters; trade policy analysts
2026-09-28_Exports_easing_816e02ff,2026-09-28,Export Demand Expansion,Exports,balance_of_payments,easing,high,export_orders_increase,1–3 months,"Rising external demand lifts factory utilization, expands labor income, and strengthens FX earnings.",Chinese firms turn Savar tannery waste into $1.5m exports,The Business Standard,higher manufacturing output; urban employment gains; FX earnings boost,exporters; garment sector; currency desks
2026-09-28_Energy_easing_f5fde159,2026-09-28,Energy Supply Improvement,Energy,production_constraint,easing,medium,load_shedding_reduction,immediate,"Improved power and gas supply expands industrial operating hours, lowers unit costs, and reduces reliance on captive generation.",India Set to Resume Methanol Exports to Bangladesh via Brahmaputra,ChemAnalyst,output normalization; production cost relief; inflation pressure easing,industrial producers; manufacturers; energy traders
2026-09-28_Exports_easing_bac1ce30,2026-09-28,Export Demand Expansion,Exports,balance_of_payments,easing,medium,export_orders_increase,1–3 months,"Rising external demand lifts factory utilization, expands labor income, and strengthens FX earnings.",Bangladesh garment exports to UK rebound in August,Apparel Views,higher manufacturing output; urban employment gains; FX earnings boost,exporters; garment sector; currency desks
2026-09-28_Exports_easing_7c5d8f97,2026-09-28,Export Demand Expansion,Exports,balance_of_payments,easing,low,export_orders_increase,1–3 months,"Rising external demand lifts factory utilization, expands labor income, and strengthens FX earnings.",Govt eyes 18 markets to diversify exports - daily-sun.com,daily-sun.com,higher manufacturing output; urban employment gains; FX earnings boost,exporters; garment sector; currency desks
2026-09-28_Exports_easing_0766cea2,2026-09-28,Export Demand Expansion,Exports,balance_of_payments,easing,low,export_orders_increase,1–3 months,"Rising external demand lifts factory utilization, expands labor income, and strengthens FX earnings.",New export strategy targets 18 markets,New Age BD,higher manufacturing output; urban employment gains; FX earnings boost,exporters; garment sector; currency desks
2026-09-28_Trade_Policy_tightening_8070adf2,2026-09-28,Trade Policy Restriction,Trade Policy,policy_shock,tightening,high,trade_regime_tightening,1–6 months,"Import bans, tariff hikes, or trade partner restrictions alter relative prices and disrupt established supply chains.",India imposes fresh anti-dumping duties on Bangladesh jute goods,The Daily Star,supply chain disruption; input cost increase; trade diversion,importers; exporters; trade policy analysts
2026-09-28_Exports_easing_7f001639,2026-09-28,Export Demand Expansion,Exports,balance_of_payments,easing,low,export_orders_increase,1–3 months,"Rising external demand lifts factory utilization, expands labor income, and strengthens FX earnings.",Bangladesh plans export diversification strategy targeting 18 key markets - Bangladesh Sangbad Sangstha (BSS),Bangladesh Sangbad Sangstha (BSS),higher manufacturing output; urban employment gains; FX earnings boost,exporters; garment sector; currency desks
2026-09-28_Energy_easing_071c47c8,2026-09-28,Energy Supply Improvement,Energy,production_constraint,easing,medium,load_shedding_reduction,immediate,"Improved power and gas supply expands industrial operating hours, lowers unit costs, and reduces reliance on captive generation.",BPDB plans Tk870cr overhaul to restore Kaptai hydropower capacity,Textile Today,output normalization; production cost relief; inflation pressure easing,industrial producers; manufacturers; energy traders
2026-09-28_Exports_easing_f79808b2,2026-09-28,Export Demand Expansion,Exports,balance_of_payments,easing,low,export_orders_increase,1–3 months,"Rising external demand lifts factory utilization, expands labor income, and strengthens FX earnings.",Bangladesh Aims for $2 Billion Jute Exports via New 5-Year Strategy - businesstimes-bd.com,businesstimes-bd.com,higher manufacturing output; urban employment gains; FX earnings boost,exporters; garment sector; currency desks
2026-09-28_Capital_Markets_easing_8a19e839,2026-09-28,Capital Markets Recovery,Capital Markets,financial_conditions,easing,low,equity_market_rally,immediate–3 months,"Equity market gains, FDI inflows, or portfolio inflows signal improving investor confidence and easier financing conditions.",FDI hopes through digital banking - The Financial Express,The Financial Express,equity valuation gain; FDI recovery; market liquidity expansion,equity investors; portfolio managers; foreign investors
2026-09-28_Credit_easing_71398fab,2026-09-28,Credit Allocation Loosening,Credit,financial_conditions,easing,medium,credit_growth_acceleration,3–6 months,Expanded bank lending improves investment and working capital availability across the real economy.,Eastern Bank signs refinancing deals with BB to support green investment,The Daily Star,investment pickup; working capital expansion; GDP growth support,commercial banks; corporate borrowers; investment desks
2026-09-28_Banking_tightening_3c0f9633,2026-09-28,Banking Sector Fragility,Banking,financial_conditions,tightening,medium,npl_ratio_deterioration,3–12 months,"Rising non-performing loans, governance failures, or liquidity stress in banks constrain credit intermediation and erode depositor confidence.","Small defaults fall, but larger defaulters pile up",Daily Bonik Barta,credit rationing; deposit flight risk; fiscal contingent liability,depositors; bank regulators; financial analysts
2026-09-28_Capital_Markets_easing_ad38e864,2026-09-28,Capital Markets Recovery,Capital Markets,financial_conditions,easing,high,equity_market_rally,immediate–3 months,"Equity market gains, FDI inflows, or portfolio inflows signal improving investor confidence and easier financing conditions.","World Bank to provide Tk 1,261cr for Bangladesh financial sector",Jagonews24,equity valuation gain; FDI recovery; market liquidity expansion,equity investors; portfolio managers; foreign investors
2026-09-28_Energy_tightening_31d4a756,2026-09-28,Energy Supply Constraint,Energy,production_constraint,tightening,medium,load_shedding_intensity,immediate,"Energy shortages restrict industrial operating hours, raise unit costs, and force firms to rely on expensive captive generation.",Bangladesh's Rooppur Nuclear Power Plant faces transport disruption as Pakistan withholds airspace clearanc...,firstpost.com,output loss; production cost increase; cost-push inflation,industrial producers; manufacturers; energy traders
2026-09-28_Energy_tightening_9e6c37d1,2026-09-28,Energy Supply Constraint,Energy,production_constraint,tightening,high,load_shedding_intensity,immediate,"Energy shortages restrict industrial operating hours, raise unit costs, and force firms to rely on expensive captive generation.","Qatar extends force majeure notices on LNG supply to Edison, Asian clients including Bangladesh",The Business Standard,output loss; production cost increase; cost-push inflation,industrial producers; manufacturers; energy traders
2026-09-28_Energy_easing_c4b2e06b,2026-09-28,Energy Supply Improvement,Energy,production_constraint,easing,medium,load_shedding_reduction,immediate,"Improved power and gas supply expands industrial operating hours, lowers unit costs, and reduces reliance on captive generation.",Rooppur Unit-2 uranium shipment likely to arrive in first week of October,The Business Standard,output normalization; production cost relief; inflation pressure easing,industrial producers; manufacturers; energy traders
2026-09-28_Energy_easing_aaba9bef,2026-09-28,Energy Supply Improvement,Energy,production_constraint,easing,low,load_shedding_reduction,immediate,"Improved power and gas supply expands industrial operating hours, lowers unit costs, and reduces reliance on captive generation.","No LPG shortage in country, operators assure energy minister - Bangladesh Sangbad Sangstha (BSS)",Bangladesh Sangbad Sangstha (BSS),output normalization; production cost relief; inflation pressure easing,industrial producers; manufacturers; energy traders
2026-09-28_Energy_easing_c8c2b33b,2026-09-28,Energy Supply Improvement,Energy,production_constraint,easing,low,load_shedding_reduction,immediate,"Improved power and gas supply expands industrial operating hours, lowers unit costs, and reduces reliance on captive generation.","No LPG Shortage in Bangladesh, Operators Assure Energy Minister - businesstimes-bd.com",businesstimes-bd.com,output normalization; production cost relief; inflation pressure easing,industrial producers; manufacturers; energy traders
2026-09-28_Logistics_easing_c9352c43,2026-09-28,Logistics Improvement,Logistics,production_constraint,easing,medium,transport_capacity_expansion,immediate–1 month,"Port throughput gains, transport improvements, or new infrastructure cut delivery times and lower costs across supply chains.",Modern tugboat built at KSY joins Payra Port operations - Bangladesh Sangbad Sangstha (BSS),Bangladesh Sangbad Sangstha (BSS),supply chain acceleration; lower transport costs; export throughput gains,exporters; importers; logistics firms
2026-09-28_Logistics_easing_3374b0a5,2026-09-28,Logistics Improvement,Logistics,production_constraint,easing,medium,transport_capacity_expansion,immediate–1 month,"Port throughput gains, transport improvements, or new infrastructure cut delivery times and lower costs across supply chains.",First Cargo Vessel Since Independence Set To Sail From Dibrugarh To Bangladesh Via The Brahmaputra,ETV Bharat,supply chain acceleration; lower transport costs; export throughput gains,exporters; importers; logistics firms
2026-09-28_Capital_Markets_easing_4fc5578f,2026-09-28,Capital Markets Recovery,Capital Markets,financial_conditions,easing,high,equity_market_rally,immediate–3 months,"Equity market gains, FDI inflows, or portfolio inflows signal improving investor confidence and easier financing conditions.","17,332 investors to get refunds from DSE IPF",The Financial Express,equity valuation gain; FDI recovery; market liquidity expansion,equity investors; portfolio managers; foreign investors
2026-09-28_Trade_Policy_tightening_f2be429d,2026-09-28,Trade Policy Restriction,Trade Policy,policy_shock,tightening,medium,trade_regime_tightening,1–6 months,"Import bans, tariff hikes, or trade partner restrictions alter relative prices and disrupt established supply chains.","India revises anti-dumping duties on jute goods from Bangladesh, Nepal",The Business Standard,supply chain disruption; input cost increase; trade diversion,importers; exporters; trade policy analysts
2026-09-28_Food_Prices_easing_b3e1913b,2026-09-28,Food Price Relief,Food Prices,price_signal,easing,high,staple_price_deceleration,immediate–3 months,"Stabilizing or falling staple prices restore real incomes of the poor, ease wage pressure, and moderate inflation expectations.",Bangladesh Inflation August 2026 | August inflation eases to 8.26%,The Daily Star,real income recovery for the poor; wage pressure easing; headline inflation moderation,consumer sector; food importers; social protection agencies
2026-09-28_Trade_Policy_tightening_f88a2da2,2026-09-28,Trade Policy Restriction,Trade Policy,policy_shock,tightening,medium,trade_regime_tightening,1–6 months,"Import bans, tariff hikes, or trade partner restrictions alter relative prices and disrupt established supply chains.",EU flags possible discrimination in RMG fire equipment approvals,New Age BD,supply chain disruption; input cost increase; trade diversion,importers; exporters; trade policy analysts
2026-09-28_Trade_Policy_tightening_94fad419,2026-09-28,Trade Policy Restriction,Trade Policy,policy_shock,tightening,high,trade_regime_tightening,1–6 months,"Import bans, tariff hikes, or trade partner restrictions alter relative prices and disrupt established supply chains.",India slaps new anti-dumping duties on Bangladesh jute goods,The Daily Star,supply chain disruption; input cost increase; trade diversion,importers; exporters; trade policy analysts
2026-09-28_Exports_easing_819999c0,2026-09-28,Export Demand Expansion,Exports,balance_of_payments,easing,low,export_orders_increase,1–3 months,"Rising external demand lifts factory utilization, expands labor income, and strengthens FX earnings.",Govt picks 18 countries for export diversification push,The Daily Star,higher manufacturing output; urban employment gains; FX earnings boost,exporters; garment sector; currency desks
2026-09-28_Exports_easing_9ab87bfa,2026-09-28,Export Demand Expansion,Exports,balance_of_payments,easing,medium,export_orders_increase,1–3 months,"Rising external demand lifts factory utilization, expands labor income, and strengthens FX earnings.",Jute exports rise 37% as Bangladesh plans to double earnings by 2031,bdnews24.com,higher manufacturing output; urban employment gains; FX earnings boost,exporters; garment sector; currency desks
2026-09-28_Banking_tightening_b5d97079,2026-09-28,Banking Sector Fragility,Banking,financial_conditions,tightening,medium,npl_ratio_deterioration,3–12 months,"Rising non-performing loans, governance failures, or liquidity stress in banks constrain credit intermediation and erode depositor confidence.","BB directs KPI framework for bank CEOs, spurs regulatory overreach concerns",The Business Standard,credit rationing; deposit flight risk; fiscal contingent liability,depositors; bank regulators; financial analysts
2026-09-28_Capital_Markets_easing_35a1751d,2026-09-28,Capital Markets Recovery,Capital Markets,financial_conditions,easing,high,equity_market_rally,immediate–3 months,"Equity market gains, FDI inflows, or portfolio inflows signal improving investor confidence and easier financing conditions.",ADB approves $100mn loan for affordable housing in Bangladesh,dailyasianage.com,equity valuation gain; FDI recovery; market liquidity expansion,equity investors; portfolio managers; foreign investors
2026-09-28_Energy_easing_66203dd5,2026-09-28,Energy Supply Improvement,Energy,production_constraint,easing,medium,load_shedding_reduction,immediate,"Improved power and gas supply expands industrial operating hours, lowers unit costs, and reduces reliance on captive generation.","No LPG shortage in Bangladesh, operators assure energy minister",The Business Standard,output normalization; production cost relief; inflation pressure easing,industrial producers; manufacturers; energy traders
2026-09-28_Trade_Policy_easing_af8f631e,2026-09-28,Trade Policy Liberalization,Trade Policy,policy_shock,easing,low,trade_regime_opening,1–6 months,"Tariff reductions, liberalization measures, or preferential access agreements lower input costs and open new market access.",Bangladesh for broader trade ties with China’s Yunnan,New Age BD,supply chain diversification; input cost reduction; export market expansion,importers; exporters; trade policy analysts
2026-09-28_Logistics_easing_4902f1f0,2026-09-28,Logistics Improvement,Logistics,production_constraint,easing,medium,transport_capacity_expansion,immediate–1 month,"Port throughput gains, transport improvements, or new infrastructure cut delivery times and lower costs across supply chains.","First time since 1947, Dibrugarh back on river trade map; to ship methanol to B’desh",The Times of India,supply chain acceleration; lower transport costs; export throughput gains,exporters; importers; logistics firms
2026-09-28_Logistics_tightening_0c7e04ab,2026-09-28,Logistics Disruption,Logistics,production_constraint,tightening,medium,transport_bottleneck,immediate–1 month,"Port congestion, transport disruption, or infrastructure failure raises delivery times and costs across supply chains.",17.51 tonnes of suspicious goods detected at Ctg port - Bangladesh Sangbad Sangstha (BSS),Bangladesh Sangbad Sangstha (BSS),supply chain delays; higher transport costs; export shipment bottleneck,exporters; importers; logistics firms
2026-09-28_Exports_easing_9e146058,2026-09-28,Export Demand Expansion,Exports,balance_of_payments,easing,low,export_orders_increase,1–3 months,"Rising external demand lifts factory utilization, expands labor income, and strengthens FX earnings.",Bangladesh plans export diversification strategy targeting 18 key markets,bssnews.net,higher manufacturing output; urban employment gains; FX earnings boost,exporters; garment sector; currency desks
2026-09-28_Trade_Policy_tightening_4c331db7,2026-09-28,Trade Policy Restriction,Trade Policy,policy_shock,tightening,high,trade_regime_tightening,1–6 months,"Import bans, tariff hikes, or trade partner restrictions alter relative prices and disrupt established supply chains.",India now moves to levy anti-subsidy duty on jute goods,The Daily Star,supply chain disruption; input cost increase; trade diversion,importers; exporters; trade policy analysts
2026-09-28_Banking_tightening_0374ba09,2026-09-28,Banking Sector Fragility,Banking,financial_conditions,tightening,high,npl_ratio_deterioration,3–12 months,"Rising non-performing loans, governance failures, or liquidity stress in banks constrain credit intermediation and erode depositor confidence.",Ten banks account for 72% of total bad loans,The Daily Star,credit rationing; deposit flight risk; fiscal contingent liability,depositors; bank regulators; financial analysts
2026-09-28_Credit_tightening_469341c5,2026-09-28,Credit Allocation Tightening,Credit,financial_conditions,tightening,high,credit_growth_slowdown,3–6 months,Bank lending constraints reduce investment and working capital availability across the real economy.,BB caps banks' lending-deposit spread at 4 percentage points,The Daily Star,investment slowdown; working capital shortages; lower GDP growth,commercial banks; corporate borrowers; investment desks
2026-09-28_Energy_easing_2ff964ea,2026-09-28,Energy Supply Improvement,Energy,production_constraint,easing,medium,load_shedding_reduction,immediate,"Improved power and gas supply expands industrial operating hours, lowers unit costs, and reduces reliance on captive generation.",Bangladesh races for urea supply bypassing Hormuz,The Daily Star,output normalization; production cost relief; inflation pressure easing,industrial producers; manufacturers; energy traders
2026-09-27_Banking_tightening_b5d97079,2026-09-27,Banking Sector Fragility,Banking,financial_conditions,tightening,medium,npl_ratio_deterioration,3–12 months,"Rising non-performing loans, governance failures, or liquidity stress in banks constrain credit intermediation and erode depositor confidence.","BB directs KPI framework for bank CEOs, spurs regulatory overreach concerns",The Business Standard,credit rationing; deposit flight risk; fiscal contingent liability,depositors; bank regulators; financial analysts
2026-09-27_Energy_tightening_fdd9042a,2026-09-27,Energy Supply Constraint,Energy,production_constraint,tightening,high,load_shedding_intensity,immediate,"Energy shortages restrict industrial operating hours, raise unit costs, and force firms to rely on expensive captive generation.","45% of FY27 power, LNG subsidies spent in just 3 months",The Daily Star,output loss; production cost increase; cost-push inflation,industrial producers; manufacturers; energy traders
2026-09-27_Capital_Markets_tightening_fa21463b,2026-09-27,Capital Markets Stress,Capital Markets,financial_conditions,tightening,medium,equity_market_decline,immediate–3 months,"Equity market declines, FDI withdrawals, or portfolio outflows signal deteriorating investor confidence and tighter financing conditions.",Foreign funds keep draining as Bangladesh faces fallout of global tensions,The Financial Express,equity valuation decline; FDI slowdown; market liquidity tightening,equity investors; portfolio managers; foreign investors
2026-09-27_Foreign_Exchange_tightening_d056ec65,2026-09-27,External Liquidity Stress,Foreign Exchange,balance_of_payments,tightening,high,fx_reserves_pressure,1–3 months,"Foreign exchange shortages constrain import financing, widen the informal premium, and force rationing of dollar-denominated obligations.","Bangladesh repays $699m in foreign debt, receives $295m in July-August",tbsnews.net,import compression; industrial input shortage; informal FX premium widening,trade finance banks; importers; currency desks
2026-09-27_Exports_easing_d8ed374d,2026-09-27,Export Demand Expansion,Exports,balance_of_payments,easing,high,export_orders_increase,1–3 months,"Rising external demand lifts factory utilization, expands labor income, and strengthens FX earnings.",Bangladesh's RMG exports to UK rise 3.74% in July-August,Fibre2Fashion,higher manufacturing output; urban employment gains; FX earnings boost,exporters; garment sector; currency desks
2026-09-27_Trade_Policy_easing_af8f631e,2026-09-27,Trade Policy Liberalization,Trade Policy,policy_shock,easing,low,trade_regime_opening,1–6 months,"Tariff reductions, liberalization measures, or preferential access agreements lower input costs and open new market access.",Bangladesh for broader trade ties with China’s Yunnan,New Age BD,supply chain diversification; input cost reduction; export market expansion,importers; exporters; trade policy analysts
2026-09-27_Energy_easing_82c7ee7b,2026-09-27,Energy Supply Improvement,Energy,production_constraint,easing,medium,load_shedding_reduction,immediate,"Improved power and gas supply expands industrial operating hours, lowers unit costs, and reduces reliance on captive generation.",India set to resume methanol exports to Bangladesh,tbsnews.net,output normalization; production cost relief; inflation pressure easing,industrial producers; manufacturers; energy traders
2026-09-27_Exports_easing_bac1ce30,2026-09-27,Export Demand Expansion,Exports,balance_of_payments,easing,medium,export_orders_increase,1–3 months,"Rising external demand lifts factory utilization, expands labor income, and strengthens FX earnings.",Bangladesh garment exports to UK rebound in August,Daily Bonik Barta,higher manufacturing output; urban employment gains; FX earnings boost,exporters; garment sector; currency desks
2026-09-27_Trade_Policy_easing_509f1259,2026-09-27,Trade Policy Liberalization,Trade Policy,policy_shock,easing,medium,trade_regime_opening,1–6 months,"Tariff reductions, liberalization measures, or preferential access agreements lower input costs and open new market access.",US regains foothold in Bangladesh’s corn market with 6% share,The Daily Star,supply chain diversification; input cost reduction; export market expansion,importers; exporters; trade policy analysts
2026-09-27_Exports_easing_816e02ff,2026-09-27,Export Demand Expansion,Exports,balance_of_payments,easing,high,export_orders_increase,1–3 months,"Rising external demand lifts factory utilization, expands labor income, and strengthens FX earnings.",Chinese firms turn Savar tannery waste into $1.5m exports,tbsnews.net,higher manufacturing output; urban employment gains; FX earnings boost,exporters; garment sector; currency desks
2026-09-27_Exports_easing_acad23ad,2026-09-27,Export Demand Expansion,Exports,balance_of_payments,easing,low,export_orders_increase,1–3 months,"Rising external demand lifts factory utilization, expands labor income, and strengthens FX earnings.",Bangladesh eyes Yunnan as gateway to expand exports to China,Bangladesh Post,higher manufacturing output; urban employment gains; FX earnings boost,exporters; garment sector; currency desks
2026-09-27_Capital_Markets_easing_0df7125b,2026-09-27,Capital Markets Recovery,Capital Markets,financial_conditions,easing,high,equity_market_rally,immediate–3 months,"Equity market gains, FDI inflows, or portfolio inflows signal improving investor confidence and easier financing conditions.",ADB approves $100m loan to expand affordable housing finance in Bangladesh,The Financial Express,equity valuation gain; FDI recovery; market liquidity expansion,equity investors; portfolio managers; foreign investors
2026-09-27_Capital_Markets_easing_bdaf7671,2026-09-27,Capital Markets Recovery,Capital Markets,financial_conditions,easing,low,equity_market_rally,immediate–3 months,"Equity market gains, FDI inflows, or portfolio inflows signal improving investor confidence and easier financing conditions.","Bangladesh invites Wall Street firms to invest, use country as regional hub",The Financial Express,equity valuation gain; FDI recovery; market liquidity expansion,equity investors; portfolio managers; foreign investors
2026-09-27_Trade_Policy_tightening_9a0714b6,2026-09-27,Trade Policy Restriction,Trade Policy,policy_shock,tightening,medium,trade_regime_tightening,1–6 months,"Import bans, tariff hikes, or trade partner restrictions alter relative prices and disrupt established supply chains.","India-Bangladesh Hilsa trade twist: Indian exports stopped by Dhaka, but will it come to India for Puja",CNBC TV18,supply chain disruption; input cost increase; trade diversion,importers; exporters; trade policy analysts
2026-09-27_Credit_easing_e128bb25,2026-09-27,Credit Allocation Loosening,Credit,financial_conditions,easing,high,credit_growth_acceleration,3–6 months,Expanded bank lending improves investment and working capital availability across the real economy.,Prime Bank lands €20m OeEB loan to fuel MSME lending in Bangladesh,Dealroom,investment pickup; working capital expansion; GDP growth support,commercial banks; corporate borrowers; investment desks
2026-09-27_Capital_Markets_easing_07d86bf1,2026-09-27,Capital Markets Recovery,Capital Markets,financial_conditions,easing,high,equity_market_rally,immediate–3 months,"Equity market gains, FDI inflows, or portfolio inflows signal improving investor confidence and easier financing conditions.","ADB approves $100m loan for affordable, resilient housing in Bangladesh - daily-sun.com",daily-sun.com,equity valuation gain; FDI recovery; market liquidity expansion,equity investors; portfolio managers; foreign investors
2026-09-27_Capital_Markets_easing_5659eb08,2026-09-27,Capital Markets Recovery,Capital Markets,financial_conditions,easing,high,equity_market_rally,immediate–3 months,"Equity market gains, FDI inflows, or portfolio inflows signal improving investor confidence and easier financing conditions.","ADB approves $100m loan for affordable, disaster-resilient housing in Bangladesh",TheReport.live,equity valuation gain; FDI recovery; market liquidity expansion,equity investors; portfolio managers; foreign investors
2026-09-27_Logistics_easing_0dceb335,2026-09-27,Logistics Improvement,Logistics,production_constraint,easing,medium,transport_capacity_expansion,immediate–1 month,"Port throughput gains, transport improvements, or new infrastructure cut delivery times and lower costs across supply chains.",APM Terminals Breaks Ground on Laldia Terminal in Bangladesh - LM,LM - Logistics Manager,supply chain acceleration; lower transport costs; export throughput gains,exporters; importers; logistics firms
2026-09-27_Energy_easing_c0d00b24,2026-09-27,Energy Supply Improvement,Energy,production_constraint,easing,medium,load_shedding_reduction,immediate,"Improved power and gas supply expands industrial operating hours, lowers unit costs, and reduces reliance on captive generation.",Fuel supply returns to normal: Energy minister,bssnews.net,output normalization; production cost relief; inflation pressure easing,industrial producers; manufacturers; energy traders
2026-09-27_Energy_tightening_8cbced14,2026-09-27,Energy Supply Constraint,Energy,production_constraint,tightening,high,load_shedding_intensity,immediate,"Energy shortages restrict industrial operating hours, raise unit costs, and force firms to rely on expensive captive generation.","LPG prices soar, 12kg cylinders selling up to Tk 500 above govt rate",Jagonews24,output loss; production cost increase; cost-push inflation,industrial producers; manufacturers; energy traders
2026-09-27_Energy_easing_0b9764a1,2026-09-27,Energy Supply Improvement,Energy,production_constraint,easing,medium,load_shedding_reduction,immediate,"Improved power and gas supply expands industrial operating hours, lowers unit costs, and reduces reliance on captive generation.",Fuel supply returns to normal: Energy minister - en.bd-pratidin.com,en.bd-pratidin.com,output normalization; production cost relief; inflation pressure easing,industrial producers; manufacturers; energy traders
2026-09-27_Capital_Markets_tightening_498f80fa,2026-09-27,Capital Markets Stress,Capital Markets,financial_conditions,tightening,medium,equity_market_decline,immediate–3 months,"Equity market declines, FDI withdrawals, or portfolio outflows signal deteriorating investor confidence and tighter financing conditions.",Stocks open week on negative note - The Financial Express,The Financial Express,equity valuation decline; FDI slowdown; market liquidity tightening,equity investors; portfolio managers; foreign investors
2026-09-27_Exports_easing_e32c52ab,2026-09-27,Export Demand Expansion,Exports,balance_of_payments,easing,medium,export_orders_increase,1–3 months,"Rising external demand lifts factory utilization, expands labor income, and strengthens FX earnings.","SK Trims' loss narrows to Tk11.94cr on higher exports, cost controls",The Business Standard — Economy,higher manufacturing output; urban employment gains; FX earnings boost,exporters; garment sector; currency desks
2026-09-27_Energy_tightening_976929cc,2026-09-27,Energy Supply Constraint,Energy,production_constraint,tightening,high,load_shedding_intensity,immediate,"Energy shortages restrict industrial operating hours, raise unit costs, and force firms to rely on expensive captive generation.","LPG imports fall 25%, pushing cylinder prices above Tk2,000",The Business Standard — Economy,output loss; production cost increase; cost-push inflation,industrial producers; manufacturers; energy traders
2026-09-27_Banking_easing_f4ee86ff,2026-09-27,Banking Sector Strengthening,Banking,financial_conditions,easing,medium,npl_ratio_improvement,3–12 months,"Declining NPLs, stronger governance, or improved liquidity conditions restore credit intermediation capacity and depositor confidence.",Cenbank sets deadlines for resolving Bangla QR payment disputes,The Business Standard — Banking,credit expansion capacity; deposit confidence; contingent liability easing,depositors; bank regulators; financial analysts
2026-09-27_Capital_Markets_easing_afd6637b,2026-09-27,Capital Markets Recovery,Capital Markets,financial_conditions,easing,medium,equity_market_rally,immediate–3 months,"Equity market gains, FDI inflows, or portfolio inflows signal improving investor confidence and easier financing conditions.","VEON, Banglalink take $1b Bangladesh investment drive to global investors - daily-sun.com",daily-sun.com,equity valuation gain; FDI recovery; market liquidity expansion,equity investors; portfolio managers; foreign investors
2026-09-27_Trade_Policy_easing_e402982d,2026-09-27,Trade Policy Liberalization,Trade Policy,policy_shock,easing,medium,trade_regime_opening,1–6 months,"Tariff reductions, liberalization measures, or preferential access agreements lower input costs and open new market access.",Bangladesh closer to joining world's largest free-trade bloc as RCEP working group approved,The Business Standard,supply chain diversification; input cost reduction; export market expansion,importers; exporters; trade policy analysts
2026-09-27_Trade_Policy_easing_2a4f21ea,2026-09-27,Trade Policy Liberalization,Trade Policy,policy_shock,easing,low,trade_regime_opening,1–6 months,"Tariff reductions, liberalization measures, or preferential access agreements lower input costs and open new market access.","Bangladesh proposes broader trade, investment ties with China's Yunnan",The Business Standard,supply chain diversification; input cost reduction; export market expansion,importers; exporters; trade policy analysts
2026-09-27_Banking_easing_f9e60811,2026-09-27,Banking Sector Strengthening,Banking,financial_conditions,easing,high,npl_ratio_improvement,3–12 months,"Declining NPLs, stronger governance, or improved liquidity conditions restore credit intermediation capacity and depositor confidence.","VEON, Square Group Receive Bangladesh Bank Approval for Digital Bank License",The Fast Mode,credit expansion capacity; deposit confidence; contingent liability easing,depositors; bank regulators; financial analysts
2026-09-27_Geopolitical_Risk_tightening_0f8985c0,2026-09-27,Geopolitical Risk Escalation,Geopolitical Risk,external_shock,tightening,medium,geopolitical_tension_rise,1–6 months,"Regional conflicts, trade sanctions, or Gulf state policy shifts disrupt migrant labor markets, trade routes, and energy supply chains affecting Bangladesh.",Bangladesh Rooppur nuclear fuel transport disrupted as Pakistan withholds airspace clearance,ANI News,remittance channel disruption; trade route uncertainty; energy price volatility,exporters; remittance-dependent sectors; energy importers
2026-09-27_Energy_easing_515a2fe6,2026-09-27,Energy Supply Improvement,Energy,production_constraint,easing,medium,load_shedding_reduction,immediate,"Improved power and gas supply expands industrial operating hours, lowers unit costs, and reduces reliance on captive generation.",Fuel supply returns to normal: Energy minister - Bangladesh Sangbad Sangstha (BSS),Bangladesh Sangbad Sangstha (BSS),output normalization; production cost relief; inflation pressure easing,industrial producers; manufacturers; energy traders
2026-09-27_Energy_tightening_f862d20e,2026-09-27,Energy Supply Constraint,Energy,production_constraint,tightening,high,load_shedding_intensity,immediate,"Energy shortages restrict industrial operating hours, raise unit costs, and force firms to rely on expensive captive generation.","Mechanical fault shuts Kumaragaon power plant, worsens load shedding in Sylhet",The Business Standard,output loss; production cost increase; cost-push inflation,industrial producers; manufacturers; energy traders
2026-09-27_Exports_easing_0373e62c,2026-09-27,Export Demand Expansion,Exports,balance_of_payments,easing,high,export_orders_increase,1–3 months,"Rising external demand lifts factory utilization, expands labor income, and strengthens FX earnings.","Malaysia halal trade fair exceeds target, Bangladeshi firm secures $2m orders",The Business Standard,higher manufacturing output; urban employment gains; FX earnings boost,exporters; garment sector; currency desks
2026-09-27_Capital_Markets_easing_fea3ca79,2026-09-27,Capital Markets Recovery,Capital Markets,financial_conditions,easing,high,equity_market_rally,immediate–3 months,"Equity market gains, FDI inflows, or portfolio inflows signal improving investor confidence and easier financing conditions.",Apex Footwear to raise Tk500cr thru preference shares to cut debt,The Business Standard,equity valuation gain; FDI recovery; market liquidity expansion,equity investors; portfolio managers; foreign investors
2026-09-27_Remittances_easing_f668cf06,2026-09-27,Remittance Flow Strengthening,Remittances,balance_of_payments,easing,low,remittance_growth_acceleration,1–3 months,"Rising remittances lift rural household income, strengthen consumption demand, and expand formal FX supply.","PM Tarique, Kuwait Crown Prince discuss expanding labour recruitment, trade",The Daily Star,rural consumption boost; FX supply expansion; formal channel share rising,rural economy analysts; consumer sector; central bank
2026-09-27_Banking_easing_20bb4758,2026-09-27,Banking Sector Strengthening,Banking,financial_conditions,easing,medium,npl_ratio_improvement,3–12 months,"Declining NPLs, stronger governance, or improved liquidity conditions restore credit intermediation capacity and depositor confidence.","Veon, Square secure digital bank licence in Bangladesh",Telecompaper,credit expansion capacity; deposit confidence; contingent liability easing,depositors; bank regulators; financial analysts
2026-09-27_Foreign_Exchange_tightening_da07b89b,2026-09-27,External Liquidity Stress,Foreign Exchange,balance_of_payments,tightening,high,fx_reserves_pressure,1–3 months,"Foreign exchange shortages constrain import financing, widen the informal premium, and force rationing of dollar-denominated obligations.",Bangladesh repays $699m in foreign debt in July-August,Amader Barta,import compression; industrial input shortage; informal FX premium widening,trade finance banks; importers; currency desks
2026-09-26_Banking_tightening_b5d97079,2026-09-26,Banking Sector Fragility,Banking,financial_conditions,tightening,medium,npl_ratio_deterioration,3–12 months,"Rising non-performing loans, governance failures, or liquidity stress in banks constrain credit intermediation and erode depositor confidence.","BB directs KPI framework for bank CEOs, spurs regulatory overreach concerns",The Business Standard,credit rationing; deposit flight risk; fiscal contingent liability,depositors; bank regulators; financial analysts
2026-09-26_Banking_easing_681182c1,2026-09-26,Banking Sector Strengthening,Banking,financial_conditions,easing,high,npl_ratio_improvement,3–12 months,"Declining NPLs, stronger governance, or improved liquidity conditions restore credit intermediation capacity and depositor confidence.",Five digital banks receive approval in principle,Daily Bonik Barta,credit expansion capacity; deposit confidence; contingent liability easing,depositors; bank regulators; financial analysts
2026-09-26_Energy_tightening_4a2ba87a,2026-09-26,Energy Supply Constraint,Energy,production_constraint,tightening,medium,load_shedding_intensity,immediate,"Energy shortages restrict industrial operating hours, raise unit costs, and force firms to rely on expensive captive generation.",Fuel price hike starts hitting logistics sector,The Daily Star,output loss; production cost increase; cost-push inflation,industrial producers; manufacturers; energy traders
2026-09-26_Energy_tightening_baacbfda,2026-09-26,Energy Supply Constraint,Energy,production_constraint,tightening,medium,load_shedding_intensity,immediate,"Energy shortages restrict industrial operating hours, raise unit costs, and force firms to rely on expensive captive generation.",LPG 'crunch' leaves Dhaka consumers scrambling,dailyasianage.com,output loss; production cost increase; cost-push inflation,industrial producers; manufacturers; energy traders
2026-09-26_Food_Prices_tightening_80e45340,2026-09-26,Food Price Pressure,Food Prices,price_signal,tightening,medium,staple_price_acceleration,immediate–3 months,"Rising staple prices compress real incomes of the poor, raise wage demands, and feed into broader inflation expectations.","Climate shocks hit salt production, push prices up 50%",The Business Standard — Economy,real income erosion for the poor; wage pressure; headline inflation rise,consumer sector; food importers; social protection agencies
2026-09-26_Energy_easing_cfea2be5,2026-09-26,Energy Supply Improvement,Energy,production_constraint,easing,medium,load_shedding_reduction,immediate,"Improved power and gas supply expands industrial operating hours, lowers unit costs, and reduces reliance on captive generation.",PDB plans Tk870cr project to restore 20-30MW at Kaptai power plant,The Business Standard — Economy,output normalization; production cost relief; inflation pressure easing,industrial producers; manufacturers; energy traders
2026-09-26_Trade_Policy_easing_75971c83,2026-09-26,Trade Policy Liberalization,Trade Policy,policy_shock,easing,low,trade_regime_opening,1–6 months,"Tariff reductions, liberalization measures, or preferential access agreements lower input costs and open new market access.",Bangladesh very close to joining free trade bloc RCEP,Dhaka Tribune,supply chain diversification; input cost reduction; export market expansion,importers; exporters; trade policy analysts
2026-09-26_Exports_easing_be7fb09d,2026-09-26,Export Demand Expansion,Exports,balance_of_payments,easing,medium,export_orders_increase,1–3 months,"Rising external demand lifts factory utilization, expands labor income, and strengthens FX earnings.",Japanese FasBano'k tagging system enters local production for Bangladesh's apparel sector,The Business Standard,higher manufacturing output; urban employment gains; FX earnings boost,exporters; garment sector; currency desks
2026-09-26_Trade_Policy_easing_509f1259,2026-09-26,Trade Policy Liberalization,Trade Policy,policy_shock,easing,medium,trade_regime_opening,1–6 months,"Tariff reductions, liberalization measures, or preferential access agreements lower input costs and open new market access.",US regains foothold in Bangladesh’s corn market with 6% share,The Daily Star,supply chain diversification; input cost reduction; export market expansion,importers; exporters; trade policy analysts
2026-09-26_Remittances_easing_f668cf06,2026-09-26,Remittance Flow Strengthening,Remittances,balance_of_payments,easing,low,remittance_growth_acceleration,1–3 months,"Rising remittances lift rural household income, strengthen consumption demand, and expand formal FX supply.","PM Tarique, Kuwait Crown Prince discuss expanding labour recruitment, trade",The Daily Star,rural consumption boost; FX supply expansion; formal channel share rising,rural economy analysts; consumer sector; central bank
2026-09-26_Capital_Markets_easing_b85ca538,2026-09-26,Capital Markets Recovery,Capital Markets,financial_conditions,easing,low,equity_market_rally,immediate–3 months,"Equity market gains, FDI inflows, or portfolio inflows signal improving investor confidence and easier financing conditions.","PM Tarique invites Wall Street firms to invest, use country as regional base",The Financial Express,equity valuation gain; FDI recovery; market liquidity expansion,equity investors; portfolio managers; foreign investors
2026-09-26_Credit_easing_e128bb25,2026-09-26,Credit Allocation Loosening,Credit,financial_conditions,easing,high,credit_growth_acceleration,3–6 months,Expanded bank lending improves investment and working capital availability across the real economy.,Prime Bank lands €20m OeEB loan to fuel MSME lending in Bangladesh,Dealroom,investment pickup; working capital expansion; GDP growth support,commercial banks; corporate borrowers; investment desks
2026-09-26_Exports_easing_06ab12f4,2026-09-26,Export Demand Expansion,Exports,balance_of_payments,easing,medium,export_orders_increase,1–3 months,"Rising external demand lifts factory utilization, expands labor income, and strengthens FX earnings.",Bangladesh extends loan relief deadline for raw jute exporters,Fibre2Fashion,higher manufacturing output; urban employment gains; FX earnings boost,exporters; garment sector; currency desks
2026-09-26_Capital_Markets_easing_d8a07467,2026-09-26,Capital Markets Recovery,Capital Markets,financial_conditions,easing,low,equity_market_rally,immediate–3 months,"Equity market gains, FDI inflows, or portfolio inflows signal improving investor confidence and easier financing conditions.",VEON eyes $1b Bangladesh investment through digital finance push - Bangladesh Sangbad Sangstha (BSS),Bangladesh Sangbad Sangstha (BSS),equity valuation gain; FDI recovery; market liquidity expansion,equity investors; portfolio managers; foreign investors
2026-09-26_Banking_easing_d4addb53,2026-09-26,Banking Sector Strengthening,Banking,financial_conditions,easing,high,npl_ratio_improvement,3–12 months,"Declining NPLs, stronger governance, or improved liquidity conditions restore credit intermediation capacity and depositor confidence.","5 digital banks, including bKash and Robi-backed ventures, get BB approval",The Business Standard,credit expansion capacity; deposit confidence; contingent liability easing,depositors; bank regulators; financial analysts
2026-09-26_Credit_easing_a92bea86,2026-09-26,Credit Allocation Loosening,Credit,financial_conditions,easing,high,credit_growth_acceleration,3–6 months,Expanded bank lending improves investment and working capital availability across the real economy.,Prime Bank secures EUR 20m loan to expand MSME financing,The Bangladesh Monitor,investment pickup; working capital expansion; GDP growth support,commercial banks; corporate borrowers; investment desks
2026-09-26_Geopolitical_Risk_easing_536f7a6d,2026-09-26,Geopolitical Risk Moderation,Geopolitical Risk,external_shock,easing,medium,geopolitical_tension_decline,1–6 months,"De-escalation of regional conflicts, restoration of Gulf labor channels, or stable trade arrangements reduce external risk premia for Bangladesh.",Bangladesh and the US sign memorandum on civilian nuclear cooperation — The Hindu,UA.NEWS,remittance channel normalization; trade route stability; energy price moderation,exporters; remittance-dependent sectors; energy importers
2026-09-26_Remittances_tightening_f53cad5e,2026-09-26,Remittance Flow Disruption,Remittances,balance_of_payments,tightening,medium,remittance_growth_decline,1–3 months,"Remittance slowdown reduces rural household income, weakens consumption demand, and tightens FX supply.","Saudi skill test gets costlier, but low-paid Bangladeshi workers see no wage gain",The Business Standard,rural consumption slowdown; FX supply reduction; hundi channel widening,rural economy analysts; consumer sector; central bank
2026-09-26_Capital_Markets_easing_ab484a99,2026-09-26,Capital Markets Recovery,Capital Markets,financial_conditions,easing,medium,equity_market_rally,immediate–3 months,"Equity market gains, FDI inflows, or portfolio inflows signal improving investor confidence and easier financing conditions.","Foreign investors return to Dhaka stocks as reforms, MSCI move lift confidence",The Business Standard — Economy,equity valuation gain; FDI recovery; market liquidity expansion,equity investors; portfolio managers; foreign investors
2026-09-26_Exports_easing_0373e62c,2026-09-26,Export Demand Expansion,Exports,balance_of_payments,easing,high,export_orders_increase,1–3 months,"Rising external demand lifts factory utilization, expands labor income, and strengthens FX earnings.","Malaysia halal trade fair exceeds target, Bangladeshi firm secures $2m orders",The Business Standard — Economy,higher manufacturing output; urban employment gains; FX earnings boost,exporters; garment sector; currency desks
2026-09-26_Exports_easing_64af57df,2026-09-26,Export Demand Expansion,Exports,balance_of_payments,easing,high,export_orders_increase,1–3 months,"Rising external demand lifts factory utilization, expands labor income, and strengthens FX earnings.",RMG exports to UK reach almost $1b in first two months of fiscal,The Business Standard — Economy,higher manufacturing output; urban employment gains; FX earnings boost,exporters; garment sector; currency desks
2026-09-26_Energy_tightening_c1be7ceb,2026-09-26,Energy Supply Constraint,Energy,production_constraint,tightening,high,load_shedding_intensity,immediate,"Energy shortages restrict industrial operating hours, raise unit costs, and force firms to rely on expensive captive generation.","LNG subsidy hits Tk10,300cr in first three months of FY27",The Business Standard — Economy,output loss; production cost increase; cost-push inflation,industrial producers; manufacturers; energy traders
2026-09-26_Fiscal_easing_47b8c9e3,2026-09-26,Fiscal Revenue Improvement,Fiscal,fiscal,easing,medium,revenue_collection_growth,3–6 months,"Revenue collection gains relieve expenditure compression, support development spending, and ease pressure on domestic borrowing.",Bangladesh Targets Up to $1 Billion in Debut Sovereign Bond Sale,Bloomberg,development spending room; domestic borrowing relief; treasury yield easing,bond market; development agencies; government contractors
2026-09-26_Capital_Markets_easing_f3e312c9,2026-09-26,Capital Markets Recovery,Capital Markets,financial_conditions,easing,low,equity_market_rally,immediate–3 months,"Equity market gains, FDI inflows, or portfolio inflows signal improving investor confidence and easier financing conditions.",VEON eyes $1b Bangladesh investment thru digital finance,New Age BD,equity valuation gain; FDI recovery; market liquidity expansion,equity investors; portfolio managers; foreign investors
2026-09-26_Exports_easing_816e02ff,2026-09-26,Export Demand Expansion,Exports,balance_of_payments,easing,high,export_orders_increase,1–3 months,"Rising external demand lifts factory utilization, expands labor income, and strengthens FX earnings.",Chinese firms turn Savar tannery waste into $1.5m exports,The Business Standard,higher manufacturing output; urban employment gains; FX earnings boost,exporters; garment sector; currency desks
2026-09-26_Trade_Policy_easing_7898d540,2026-09-26,Trade Policy Liberalization,Trade Policy,policy_shock,easing,medium,trade_regime_opening,1–6 months,"Tariff reductions, liberalization measures, or preferential access agreements lower input costs and open new market access.","Bangladesh, China turn to Joint Action Plan to close trade gap - daily-sun.com",daily-sun.com,supply chain diversification; input cost reduction; export market expansion,importers; exporters; trade policy analysts
2026-09-26_Exports_easing_59b1a833,2026-09-26,Export Demand Expansion,Exports,balance_of_payments,easing,medium,export_orders_increase,1–3 months,"Rising external demand lifts factory utilization, expands labor income, and strengthens FX earnings.",Bangladesh garment exports to UK rebound in August - Bangladesh Sangbad Sangstha (BSS),Bangladesh Sangbad Sangstha (BSS),higher manufacturing output; urban employment gains; FX earnings boost,exporters; garment sector; currency desks
2026-09-26_Trade_Policy_easing_8724564c,2026-09-26,Trade Policy Liberalization,Trade Policy,policy_shock,easing,low,trade_regime_opening,1–6 months,"Tariff reductions, liberalization measures, or preferential access agreements lower input costs and open new market access.",RCEP approves working group to advance Bangladesh’s bid,The Daily Star,supply chain diversification; input cost reduction; export market expansion,importers; exporters; trade policy analysts
2026-09-26_Exports_easing_8d6c72fc,2026-09-26,Export Demand Expansion,Exports,balance_of_payments,easing,low,export_orders_increase,1–3 months,"Rising external demand lifts factory utilization, expands labor income, and strengthens FX earnings.",DCCI seeks Malaysian support to boost Bangladeshi exports to Asean,The Business Standard,higher manufacturing output; urban employment gains; FX earnings boost,exporters; garment sector; currency desks
2026-09-26_Banking_easing_21939bff,2026-09-26,Banking Sector Strengthening,Banking,financial_conditions,easing,medium,npl_ratio_improvement,3–12 months,"Declining NPLs, stronger governance, or improved liquidity conditions restore credit intermediation capacity and depositor confidence.",Four digital banks get initial approval,The Daily Star,credit expansion capacity; deposit confidence; contingent liability easing,depositors; bank regulators; financial analysts
2026-09-26_Energy_easing_70a4f8cd,2026-09-26,Energy Supply Improvement,Energy,production_constraint,easing,high,load_shedding_reduction,immediate,"Improved power and gas supply expands industrial operating hours, lowers unit costs, and reduces reliance on captive generation.","Sitting on the bank of the Padma River in northwestern Bangladesh, a 1,200 megawatt reactor swallowed its 163rd fuel assembly and the country stepped into the nuclear age for the first time",Energies Media,output normalization; production cost relief; inflation pressure easing,industrial producers; manufacturers; energy traders
2026-09-26_Energy_easing_d1e5b5e4,2026-09-26,Energy Supply Improvement,Energy,production_constraint,easing,high,load_shedding_reduction,immediate,"Improved power and gas supply expands industrial operating hours, lowers unit costs, and reduces reliance on captive generation.",ADB approves $200m loan to modernise Bangladesh power distribution network,The Business Standard,output normalization; production cost relief; inflation pressure easing,industrial producers; manufacturers; energy traders
2026-09-26_Exports_easing_ae8366d0,2026-09-26,Export Demand Expansion,Exports,balance_of_payments,easing,low,export_orders_increase,1–3 months,"Rising external demand lifts factory utilization, expands labor income, and strengthens FX earnings.",DCCI seeks Malaysia's support to boost Bangladesh exports to ASEAN - daily-sun.com,daily-sun.com,higher manufacturing output; urban employment gains; FX earnings boost,exporters; garment sector; currency desks
2026-09-26_Capital_Markets_easing_0569f75a,2026-09-26,Capital Markets Recovery,Capital Markets,financial_conditions,easing,low,equity_market_rally,immediate–3 months,"Equity market gains, FDI inflows, or portfolio inflows signal improving investor confidence and easier financing conditions.",VEON eyes $1b Bangladesh investment through digital finance push,bssnews.net,equity valuation gain; FDI recovery; market liquidity expansion,equity investors; portfolio managers; foreign investors
2026-09-26_Capital_Markets_easing_9f35c98a,2026-09-26,Capital Markets Recovery,Capital Markets,financial_conditions,easing,medium,equity_market_rally,immediate–3 months,"Equity market gains, FDI inflows, or portfolio inflows signal improving investor confidence and easier financing conditions.","Apex Footwear to raise Tk500cr via preference shares to pay off loans, declares 30% dividend",tbsnews.net,equity valuation gain; FDI recovery; market liquidity expansion,equity investors; portfolio managers; foreign investors
2026-09-26_Exports_easing_14de4dd7,2026-09-26,Export Demand Expansion,Exports,balance_of_payments,easing,low,export_orders_increase,1–3 months,"Rising external demand lifts factory utilization, expands labor income, and strengthens FX earnings.",DCCI seeks Malaysia’s support to boost Bangladesh exports to ASEAN - daily-sun.com,daily-sun.com,higher manufacturing output; urban employment gains; FX earnings boost,exporters; garment sector; currency desks
2026-09-25_Foreign_Exchange_easing_e86ff5cb,2026-09-25,External Liquidity Improvement,Foreign Exchange,balance_of_payments,easing,medium,fx_reserves_recovery,1–3 months,"Rising reserves and improved BoP position ease import financing constraints, narrow the informal FX premium, and restore normal trade settlement.","Reserves on rise despite fuel, fertiliser shock",The Daily Star,import normalization; informal FX premium narrowing; reserve buffer strengthening,trade finance banks; importers; currency desks
2026-09-25_Trade_Policy_easing_36c54a44,2026-09-25,Trade Policy Liberalization,Trade Policy,policy_shock,easing,medium,trade_regime_opening,1–6 months,"Tariff reductions, liberalization measures, or preferential access agreements lower input costs and open new market access.",RCEP ministers approve Bangladesh's accession advancement,The Financial Express,supply chain diversification; input cost reduction; export market expansion,importers; exporters; trade policy analysts
2026-09-25_Banking_tightening_0958de19,2026-09-25,Banking Sector Fragility,Banking,financial_conditions,tightening,high,npl_ratio_deterioration,3–12 months,"Rising non-performing loans, governance failures, or liquidity stress in banks constrain credit intermediation and erode depositor confidence.",StanChart Bangladesh plans to close retail banking operation,tbsnews.net,credit rationing; deposit flight risk; fiscal contingent liability,depositors; bank regulators; financial analysts
2026-09-25_Banking_easing_d7839de1,2026-09-25,Banking Sector Strengthening,Banking,financial_conditions,easing,high,npl_ratio_improvement,3–12 months,"Declining NPLs, stronger governance, or improved liquidity conditions restore credit intermediation capacity and depositor confidence.",BB clears 5 digital banks for trial - daily-sun.com,daily-sun.com,credit expansion capacity; deposit confidence; contingent liability easing,depositors; bank regulators; financial analysts
2026-09-25_Energy_easing_9a7de7f9,2026-09-25,Energy Supply Improvement,Energy,production_constraint,easing,high,load_shedding_reduction,immediate,"Improved power and gas supply expands industrial operating hours, lowers unit costs, and reduces reliance on captive generation.",ADB approves $200mn loan for Bangladesh power distribution network,IntelliNews,output normalization; production cost relief; inflation pressure easing,industrial producers; manufacturers; energy traders
2026-09-25_Exports_easing_fb16465b,2026-09-25,Export Demand Expansion,Exports,balance_of_payments,easing,medium,export_orders_increase,1–3 months,"Rising external demand lifts factory utilization, expands labor income, and strengthens FX earnings.",Bangladesh footwear exports gain US market share as China retreats,The Financial Express,higher manufacturing output; urban employment gains; FX earnings boost,exporters; garment sector; currency desks
2026-09-25_Banking_easing_9314d10d,2026-09-25,Banking Sector Strengthening,Banking,financial_conditions,easing,high,npl_ratio_improvement,3–12 months,"Declining NPLs, stronger governance, or improved liquidity conditions restore credit intermediation capacity and depositor confidence.",BB raises refund cap for depositors of 4 failing NBFIs to Tk50 lakh from Tk10 lakh,The Business Standard — Economy,credit expansion capacity; deposit confidence; contingent liability easing,depositors; bank regulators; financial analysts
2026-09-25_Capital_Markets_tightening_b0768783,2026-09-25,Capital Markets Stress,Capital Markets,financial_conditions,tightening,high,equity_market_decline,immediate–3 months,"Equity market declines, FDI withdrawals, or portfolio outflows signal deteriorating investor confidence and tighter financing conditions.",Capital machinery imports fall 45% in four years as industrial growth stagnates,The Business Standard — Industry,equity valuation decline; FDI slowdown; market liquidity tightening,equity investors; portfolio managers; foreign investors
2026-09-25_Energy_tightening_4f19c3ed,2026-09-25,Energy Supply Constraint,Energy,production_constraint,tightening,medium,load_shedding_intensity,immediate,"Energy shortages restrict industrial operating hours, raise unit costs, and force firms to rely on expensive captive generation.",Managing Bangladesh’s latest fuel price shock,The Daily Star,output loss; production cost increase; cost-push inflation,industrial producers; manufacturers; energy traders
2026-09-25_Trade_Policy_tightening_b1e323ea,2026-09-25,Trade Policy Restriction,Trade Policy,policy_shock,tightening,medium,trade_regime_tightening,1–6 months,"Import bans, tariff hikes, or trade partner restrictions alter relative prices and disrupt established supply chains.","Bangladesh may not send Hilsa to India this Durga Puja, stops imports too",The Indian Express,supply chain disruption; input cost increase; trade diversion,importers; exporters; trade policy analysts
2026-09-25_Trade_Policy_tightening_e33070d5,2026-09-25,Trade Policy Restriction,Trade Policy,policy_shock,tightening,high,trade_regime_tightening,1–6 months,"Import bans, tariff hikes, or trade partner restrictions alter relative prices and disrupt established supply chains.","In fishy U-turn, Bangladesh abruptly stops imports of Gujarat hilsa",India Today,supply chain disruption; input cost increase; trade diversion,importers; exporters; trade policy analysts
2026-09-25_Banking_easing_5e56dd54,2026-09-25,Banking Sector Strengthening,Banking,financial_conditions,easing,high,npl_ratio_improvement,3–12 months,"Declining NPLs, stronger governance, or improved liquidity conditions restore credit intermediation capacity and depositor confidence.",VEON and Square Group Win Bangladesh Bank Approval for Digital Bank License,Quiver Quantitative,credit expansion capacity; deposit confidence; contingent liability easing,depositors; bank regulators; financial analysts
2026-09-25_Banking_easing_84393409,2026-09-25,Banking Sector Strengthening,Banking,financial_conditions,easing,high,npl_ratio_improvement,3–12 months,"Declining NPLs, stronger governance, or improved liquidity conditions restore credit intermediation capacity and depositor confidence.",VEON and Square Group Receive Bangladesh Bank Approval for Digital Bank License,VEON,credit expansion capacity; deposit confidence; contingent liability easing,depositors; bank regulators; financial analysts
2026-09-25_Banking_easing_1e3efe33,2026-09-25,Banking Sector Strengthening,Banking,financial_conditions,easing,medium,npl_ratio_improvement,3–12 months,"Declining NPLs, stronger governance, or improved liquidity conditions restore credit intermediation capacity and depositor confidence.",VEON and Square Group Secure Digital Bank License to Transform Bangladesh Fintech,FF News,credit expansion capacity; deposit confidence; contingent liability easing,depositors; bank regulators; financial analysts
2026-09-25_Banking_easing_afe7b5f7,2026-09-25,Banking Sector Strengthening,Banking,financial_conditions,easing,medium,npl_ratio_improvement,3–12 months,"Declining NPLs, stronger governance, or improved liquidity conditions restore credit intermediation capacity and depositor confidence.",Five digital banks get initial nod from Bangladesh Bank,The Daily Star,credit expansion capacity; deposit confidence; contingent liability easing,depositors; bank regulators; financial analysts
2026-09-25_Geopolitical_Risk_tightening_c36114c3,2026-09-25,Geopolitical Risk Escalation,Geopolitical Risk,external_shock,tightening,medium,geopolitical_tension_rise,1–6 months,"Regional conflicts, trade sanctions, or Gulf state policy shifts disrupt migrant labor markets, trade routes, and energy supply chains affecting Bangladesh.",Iran war energy crisis backs Bangladesh into a corner — This Week in Cleantech,Renewable Energy World,remittance channel disruption; trade route uncertainty; energy price volatility,exporters; remittance-dependent sectors; energy importers
2026-09-25_Energy_tightening_4a2ba87a,2026-09-25,Energy Supply Constraint,Energy,production_constraint,tightening,medium,load_shedding_intensity,immediate,"Energy shortages restrict industrial operating hours, raise unit costs, and force firms to rely on expensive captive generation.",Fuel price hike starts hitting logistics sector,The Daily Star,output loss; production cost increase; cost-push inflation,industrial producers; manufacturers; energy traders
2026-09-25_Energy_easing_74099fe3,2026-09-25,Energy Supply Improvement,Energy,production_constraint,easing,medium,load_shedding_reduction,immediate,"Improved power and gas supply expands industrial operating hours, lowers unit costs, and reduces reliance on captive generation.","Solar power systems ordered for all haats, markets across Bangladesh - daily-sun.com",daily-sun.com,output normalization; production cost relief; inflation pressure easing,industrial producers; manufacturers; energy traders
2026-09-25_Energy_easing_3361fa44,2026-09-25,Energy Supply Improvement,Energy,production_constraint,easing,medium,load_shedding_reduction,immediate,"Improved power and gas supply expands industrial operating hours, lowers unit costs, and reduces reliance on captive generation.","Chinese-Bangladeshi JV, BPDB to build 10MW solar plant at Bhasanchar",The Daily Star,output normalization; production cost relief; inflation pressure easing,industrial producers; manufacturers; energy traders
2026-09-25_Remittances_tightening_f53cad5e,2026-09-25,Remittance Flow Disruption,Remittances,balance_of_payments,tightening,medium,remittance_growth_decline,1–3 months,"Remittance slowdown reduces rural household income, weakens consumption demand, and tightens FX supply.","Saudi skill test gets costlier, but low-paid Bangladeshi workers see no wage gain",The Business Standard,rural consumption slowdown; FX supply reduction; hundi channel widening,rural economy analysts; consumer sector; central bank
2026-09-25_Exports_easing_bc5e4d6e,2026-09-25,Export Demand Expansion,Exports,balance_of_payments,easing,low,export_orders_increase,1–3 months,"Rising external demand lifts factory utilization, expands labor income, and strengthens FX earnings.",11 Bangladeshi apparel firms join Saudi Arabia fashion and textiles expo,The Business Standard — Economy,higher manufacturing output; urban employment gains; FX earnings boost,exporters; garment sector; currency desks
2026-09-25_Energy_easing_bc26eaa5,2026-09-25,Energy Supply Improvement,Energy,production_constraint,easing,high,load_shedding_reduction,immediate,"Improved power and gas supply expands industrial operating hours, lowers unit costs, and reduces reliance on captive generation.",Gas supply improves as LNG transfer at Moheshkhali resumes,The Business Standard — Economy,output normalization; production cost relief; inflation pressure easing,industrial producers; manufacturers; energy traders
2026-09-25_Banking_easing_d4addb53,2026-09-25,Banking Sector Strengthening,Banking,financial_conditions,easing,high,npl_ratio_improvement,3–12 months,"Declining NPLs, stronger governance, or improved liquidity conditions restore credit intermediation capacity and depositor confidence.","5 digital banks, including bKash and Robi-backed ventures, get BB approval",The Business Standard,credit expansion capacity; deposit confidence; contingent liability easing,depositors; bank regulators; financial analysts
2026-09-25_Energy_tightening_d118a0d5,2026-09-25,Energy Supply Constraint,Energy,production_constraint,tightening,medium,load_shedding_intensity,immediate,"Energy shortages restrict industrial operating hours, raise unit costs, and force firms to rely on expensive captive generation.",Gas crisis ripples across economy,The Daily Star,output loss; production cost increase; cost-push inflation,industrial producers; manufacturers; energy traders
2026-09-25_Energy_easing_077f8211,2026-09-25,Energy Supply Improvement,Energy,production_constraint,easing,medium,load_shedding_reduction,immediate,"Improved power and gas supply expands industrial operating hours, lowers unit costs, and reduces reliance on captive generation.",Gas supply to national grid returns to normal - Bangladesh Sangbad Sangstha (BSS),Bangladesh Sangbad Sangstha (BSS),output normalization; production cost relief; inflation pressure easing,industrial producers; manufacturers; energy traders
2026-09-25_Energy_easing_3c1075fd,2026-09-25,Energy Supply Improvement,Energy,production_constraint,easing,medium,load_shedding_reduction,immediate,"Improved power and gas supply expands industrial operating hours, lowers unit costs, and reduces reliance on captive generation.","Gas supply begins to rise, says Petrobangla",Prothom Alo English,output normalization; production cost relief; inflation pressure easing,industrial producers; manufacturers; energy traders
2026-09-25_Energy_easing_5bd42fa4,2026-09-25,Energy Supply Improvement,Energy,production_constraint,easing,medium,load_shedding_reduction,immediate,"Improved power and gas supply expands industrial operating hours, lowers unit costs, and reduces reliance on captive generation.",Gas supply situation starts returning to normal - en.bd-pratidin.com,en.bd-pratidin.com,output normalization; production cost relief; inflation pressure easing,industrial producers; manufacturers; energy traders
2026-09-25_Trade_Policy_easing_23111005,2026-09-25,Trade Policy Liberalization,Trade Policy,policy_shock,easing,low,trade_regime_opening,1–6 months,"Tariff reductions, liberalization measures, or preferential access agreements lower input costs and open new market access.",Bangladesh on Track to Join World’s Largest Trade Bloc,businessinbangladesh.com.bd,supply chain diversification; input cost reduction; export market expansion,importers; exporters; trade policy analysts
2026-09-25_Banking_easing_21939bff,2026-09-25,Banking Sector Strengthening,Banking,financial_conditions,easing,medium,npl_ratio_improvement,3–12 months,"Declining NPLs, stronger governance, or improved liquidity conditions restore credit intermediation capacity and depositor confidence.",Four digital banks get initial approval,The Daily Star,credit expansion capacity; deposit confidence; contingent liability easing,depositors; bank regulators; financial analysts
2026-09-25_Energy_tightening_fdd9042a,2026-09-25,Energy Supply Constraint,Energy,production_constraint,tightening,high,load_shedding_intensity,immediate,"Energy shortages restrict industrial operating hours, raise unit costs, and force firms to rely on expensive captive generation.","45% of FY27 power, LNG subsidies spent in just 3 months",The Daily Star,output loss; production cost increase; cost-push inflation,industrial producers; manufacturers; energy traders
2026-09-25_Trade_Policy_easing_c94de4c2,2026-09-25,Trade Policy Liberalization,Trade Policy,policy_shock,easing,medium,trade_regime_opening,1–6 months,"Tariff reductions, liberalization measures, or preferential access agreements lower input costs and open new market access.",| Bangladesh eases MMF imports: A new route for synthetic apparel?,fibre2fashion.com,supply chain diversification; input cost reduction; export market expansion,importers; exporters; trade policy analysts
2026-09-25_Logistics_easing_0820096e,2026-09-25,Logistics Improvement,Logistics,production_constraint,easing,medium,transport_capacity_expansion,immediate–1 month,"Port throughput gains, transport improvements, or new infrastructure cut delivery times and lower costs across supply chains.",Bangladesh sets up five panels to strengthen trade logistics,fibre2fashion.com,supply chain acceleration; lower transport costs; export throughput gains,exporters; importers; logistics firms
2026-09-25_Energy_easing_03499f3a,2026-09-25,Energy Supply Improvement,Energy,production_constraint,easing,medium,load_shedding_reduction,immediate,"Improved power and gas supply expands industrial operating hours, lowers unit costs, and reduces reliance on captive generation.",Gas supply to national grid returns to normal,bssnews.net,output normalization; production cost relief; inflation pressure easing,industrial producers; manufacturers; energy traders
2026-09-24_Foreign_Exchange_easing_33f50134,2026-09-24,External Liquidity Improvement,Foreign Exchange,balance_of_payments,easing,high,fx_reserves_recovery,1–3 months,"Rising reserves and improved BoP position ease import financing constraints, narrow the informal FX premium, and restore normal trade settlement.",Bangladesh Bank allows cross-border trade settlement in Taka,The Daily Star,import normalization; informal FX premium narrowing; reserve buffer strengthening,trade finance banks; importers; currency desks
2026-09-24_Monetary_Policy_tightening_e0e141bb,2026-09-24,Monetary Policy Tightening,Monetary Policy,financial_conditions,tightening,high,policy_rate_hike,1–6 months,"Central bank tightening raises borrowing costs, slows credit expansion, and signals concern about inflation or external balance.",New $4.0b IMF credit programme for Bangladesh: Mounting power-energy subsidies cited as big barriers,The Financial Express,higher borrowing costs; bond yield rise; investment dampening,banks; bond market; corporate treasurers
2026-09-24_Remittances_tightening_f53cad5e,2026-09-24,Remittance Flow Disruption,Remittances,balance_of_payments,tightening,medium,remittance_growth_decline,1–3 months,"Remittance slowdown reduces rural household income, weakens consumption demand, and tightens FX supply.","Saudi skill test gets costlier, but low-paid Bangladeshi workers see no wage gain",The Business Standard,rural consumption slowdown; FX supply reduction; hundi channel widening,rural economy analysts; consumer sector; central bank
2026-09-24_Remittances_easing_d0e19b67,2026-09-24,Remittance Flow Strengthening,Remittances,balance_of_payments,easing,high,remittance_growth_acceleration,1–3 months,"Rising remittances lift rural household income, strengthen consumption demand, and expand formal FX supply.",Bangladesh receives $8.02b in remittances through Sept 23,The Financial Express,rural consumption boost; FX supply expansion; formal channel share rising,rural economy analysts; consumer sector; central bank
2026-09-24_Remittances_tightening_0f6c7c56,2026-09-24,Remittance Flow Disruption,Remittances,balance_of_payments,tightening,medium,remittance_growth_decline,1–3 months,"Remittance slowdown reduces rural household income, weakens consumption demand, and tightens FX supply.",Unilateral increase in Wage Earners’ Welfare Board fee unfairly burdens prospective migrants,Prothom Alo English,rural consumption slowdown; FX supply reduction; hundi channel widening,rural economy analysts; consumer sector; central bank
2026-09-24_Trade_Policy_easing_26255c54,2026-09-24,Trade Policy Liberalization,Trade Policy,policy_shock,easing,medium,trade_regime_opening,1–6 months,"Tariff reductions, liberalization measures, or preferential access agreements lower input costs and open new market access.",Bangladesh moves closer to joining world's largest free-trade bloc as RCEP working group approved,The Business Standard,supply chain diversification; input cost reduction; export market expansion,importers; exporters; trade policy analysts
2026-09-24_Energy_tightening_26462475,2026-09-24,Energy Supply Constraint,Energy,production_constraint,tightening,medium,load_shedding_intensity,immediate,"Energy shortages restrict industrial operating hours, raise unit costs, and force firms to rely on expensive captive generation.",Dhaka’s energy crisis is turning everyday life into survival,The Daily Star,output loss; production cost increase; cost-push inflation,industrial producers; manufacturers; energy traders
2026-09-24_Trade_Policy_easing_9222b49f,2026-09-24,Trade Policy Liberalization,Trade Policy,policy_shock,easing,medium,trade_regime_opening,1–6 months,"Tariff reductions, liberalization measures, or preferential access agreements lower input costs and open new market access.",Bangladesh moves closer to joining RCEP,New Age BD,supply chain diversification; input cost reduction; export market expansion,importers; exporters; trade policy analysts
2026-09-24_Trade_Policy_easing_48f50d6b,2026-09-24,Trade Policy Liberalization,Trade Policy,policy_shock,easing,low,trade_regime_opening,1–6 months,"Tariff reductions, liberalization measures, or preferential access agreements lower input costs and open new market access.",Major progress made in Bangladesh joining biggest trade bloc - daily-sun.com,daily-sun.com,supply chain diversification; input cost reduction; export market expansion,importers; exporters; trade policy analysts
2026-09-24_Food_Prices_tightening_7198fcc3,2026-09-24,Food Price Pressure,Food Prices,price_signal,tightening,medium,staple_price_acceleration,immediate–3 months,"Rising staple prices compress real incomes of the poor, raise wage demands, and feed into broader inflation expectations.",Bangladesh looks to India for wheat as high rice prices push people to roti,India Today,real income erosion for the poor; wage pressure; headline inflation rise,consumer sector; food importers; social protection agencies
2026-09-24_Trade_Policy_tightening_6f3b9e71,2026-09-24,Trade Policy Restriction,Trade Policy,policy_shock,tightening,medium,trade_regime_tightening,1–6 months,"Import bans, tariff hikes, or trade partner restrictions alter relative prices and disrupt established supply chains.",Black Sea disruptions push Bangladesh back towards Indian wheat supplies - business-standard.com,business-standard.com,supply chain disruption; input cost increase; trade diversion,importers; exporters; trade policy analysts
2026-09-24_Exports_easing_13405b67,2026-09-24,Export Demand Expansion,Exports,balance_of_payments,easing,medium,export_orders_increase,1–3 months,"Rising external demand lifts factory utilization, expands labor income, and strengthens FX earnings.","RMG exports witness new record in non-traditional markets including Japan, Australia - Bangladesh Sangbad Sangstha (BSS)",Bangladesh Sangbad Sangstha (BSS),higher manufacturing output; urban employment gains; FX earnings boost,exporters; garment sector; currency desks
2026-09-24_Food_Prices_easing_5afc8a63,2026-09-24,Food Price Relief,Food Prices,price_signal,easing,medium,staple_price_deceleration,immediate–3 months,"Stabilizing or falling staple prices restore real incomes of the poor, ease wage pressure, and moderate inflation expectations.",Bangladesh Turns Back To Indian Wheat As Black Sea Disruptions Send Global Prices Higher,Swarajya,real income recovery for the poor; wage pressure easing; headline inflation moderation,consumer sector; food importers; social protection agencies
2026-09-24_Trade_Policy_easing_7cd191a1,2026-09-24,Trade Policy Liberalization,Trade Policy,policy_shock,easing,low,trade_regime_opening,1–6 months,"Tariff reductions, liberalization measures, or preferential access agreements lower input costs and open new market access.",Bangladesh-Malaysia FTA talks to begin in late October,The Business Standard,supply chain diversification; input cost reduction; export market expansion,importers; exporters; trade policy analysts
2026-09-24_Energy_tightening_24fb766a,2026-09-24,Energy Supply Constraint,Energy,production_constraint,tightening,medium,load_shedding_intensity,immediate,"Energy shortages restrict industrial operating hours, raise unit costs, and force firms to rely on expensive captive generation.","LPG shortage as imports fall, prices rise",Prothom Alo English,output loss; production cost increase; cost-push inflation,industrial producers; manufacturers; energy traders
2026-09-24_Banking_tightening_0958de19,2026-09-24,Banking Sector Fragility,Banking,financial_conditions,tightening,high,npl_ratio_deterioration,3–12 months,"Rising non-performing loans, governance failures, or liquidity stress in banks constrain credit intermediation and erode depositor confidence.",StanChart Bangladesh plans to close retail banking operation,The Business Standard,credit rationing; deposit flight risk; fiscal contingent liability,depositors; bank regulators; financial analysts
2026-09-24_Banking_easing_7e4370ed,2026-09-24,Banking Sector Strengthening,Banking,financial_conditions,easing,high,npl_ratio_improvement,3–12 months,"Declining NPLs, stronger governance, or improved liquidity conditions restore credit intermediation capacity and depositor confidence.",Five digital banks get LoIs from Bangladesh Bank - Bangladesh Sangbad Sangstha (BSS),Bangladesh Sangbad Sangstha (BSS),credit expansion capacity; deposit confidence; contingent liability easing,depositors; bank regulators; financial analysts
2026-09-24_Banking_easing_50c3290f,2026-09-24,Banking Sector Strengthening,Banking,financial_conditions,easing,medium,npl_ratio_improvement,3–12 months,"Declining NPLs, stronger governance, or improved liquidity conditions restore credit intermediation capacity and depositor confidence.",Five digital banks get Bangladesh Bank’s initial nod,The Financial Express,credit expansion capacity; deposit confidence; contingent liability easing,depositors; bank regulators; financial analysts
2026-09-24_Banking_tightening_95218b7e,2026-09-24,Banking Sector Fragility,Banking,financial_conditions,tightening,medium,npl_ratio_deterioration,3–12 months,"Rising non-performing loans, governance failures, or liquidity stress in banks constrain credit intermediation and erode depositor confidence.",Standard Chartered Bangladesh prepares to sell retail banking portfolio,TheReport.live,credit rationing; deposit flight risk; fiscal contingent liability,depositors; bank regulators; financial analysts
2026-09-24_Exports_easing_f1be76ba,2026-09-24,Export Demand Expansion,Exports,balance_of_payments,easing,medium,export_orders_increase,1–3 months,"Rising external demand lifts factory utilization, expands labor income, and strengthens FX earnings.",Central bank extends loan restructuring facility for raw jute exporters,The Financial Express,higher manufacturing output; urban employment gains; FX earnings boost,exporters; garment sector; currency desks
2026-09-24_Banking_tightening_88b2c10e,2026-09-24,Banking Sector Fragility,Banking,financial_conditions,tightening,medium,npl_ratio_deterioration,3–12 months,"Rising non-performing loans, governance failures, or liquidity stress in banks constrain credit intermediation and erode depositor confidence.",Standard Chartered explores retail exit in Bangladesh,Dhaka Tribune,credit rationing; deposit flight risk; fiscal contingent liability,depositors; bank regulators; financial analysts
2026-09-24_Banking_easing_be9da037,2026-09-24,Banking Sector Strengthening,Banking,financial_conditions,easing,medium,npl_ratio_improvement,3–12 months,"Declining NPLs, stronger governance, or improved liquidity conditions restore credit intermediation capacity and depositor confidence.","Bangladesh Bank gives initial approval to 4 digital banks, including bKash and Robi-backed ventures",TheReport.live,credit expansion capacity; deposit confidence; contingent liability easing,depositors; bank regulators; financial analysts
2026-09-24_Banking_easing_afe7b5f7,2026-09-24,Banking Sector Strengthening,Banking,financial_conditions,easing,medium,npl_ratio_improvement,3–12 months,"Declining NPLs, stronger governance, or improved liquidity conditions restore credit intermediation capacity and depositor confidence.",Five digital banks get initial nod from Bangladesh Bank,The Daily Star,credit expansion capacity; deposit confidence; contingent liability easing,depositors; bank regulators; financial analysts
2026-09-24_Banking_easing_f1292f82,2026-09-24,Banking Sector Strengthening,Banking,financial_conditions,easing,medium,npl_ratio_improvement,3–12 months,"Declining NPLs, stronger governance, or improved liquidity conditions restore credit intermediation capacity and depositor confidence.",Bangladesh Bank gives five firms initial nod to launch digital banks,bdnews24.com,credit expansion capacity; deposit confidence; contingent liability easing,depositors; bank regulators; financial analysts
2026-09-24_Credit_easing_4988e1c3,2026-09-24,Credit Allocation Loosening,Credit,financial_conditions,easing,medium,credit_growth_acceleration,3–6 months,Expanded bank lending improves investment and working capital availability across the real economy.,Southeast Bank joins Bangladesh Bank’s Green Refinance Scheme,The Financial Express,investment pickup; working capital expansion; GDP growth support,commercial banks; corporate borrowers; investment desks
2026-09-24_Banking_easing_619a6db9,2026-09-24,Banking Sector Strengthening,Banking,financial_conditions,easing,high,npl_ratio_improvement,3–12 months,"Declining NPLs, stronger governance, or improved liquidity conditions restore credit intermediation capacity and depositor confidence.",BB gives preliminary approval to 5 digital banks,Ajker Patrika,credit expansion capacity; deposit confidence; contingent liability easing,depositors; bank regulators; financial analysts
2026-09-24_Banking_easing_e20b1f37,2026-09-24,Banking Sector Strengthening,Banking,financial_conditions,easing,high,npl_ratio_improvement,3–12 months,"Declining NPLs, stronger governance, or improved liquidity conditions restore credit intermediation capacity and depositor confidence.",Bangladesh Bank Gives Initial Approval to Five Digital Banks - businesstimes-bd.com,businesstimes-bd.com,credit expansion capacity; deposit confidence; contingent liability easing,depositors; bank regulators; financial analysts
2026-09-24_Energy_tightening_b33ad46b,2026-09-24,Energy Supply Constraint,Energy,production_constraint,tightening,high,load_shedding_intensity,immediate,"Energy shortages restrict industrial operating hours, raise unit costs, and force firms to rely on expensive captive generation.",Bangladesh’s diesel price hike: Farmers dealt another blow,Asia News Network,output loss; production cost increase; cost-push inflation,industrial producers; manufacturers; energy traders
2026-09-24_Energy_easing_d73e6333,2026-09-24,Energy Supply Improvement,Energy,production_constraint,easing,medium,load_shedding_reduction,immediate,"Improved power and gas supply expands industrial operating hours, lowers unit costs, and reduces reliance on captive generation.",Industrial production returns to normalcy as gas supply improves - Bangladesh Sangbad Sangstha (BSS),Bangladesh Sangbad Sangstha (BSS),output normalization; production cost relief; inflation pressure easing,industrial producers; manufacturers; energy traders
2026-09-24_Energy_tightening_99c03d8b,2026-09-24,Energy Supply Constraint,Energy,production_constraint,tightening,high,load_shedding_intensity,immediate,"Energy shortages restrict industrial operating hours, raise unit costs, and force firms to rely on expensive captive generation.",Bangladesh LNG supply drops 300 mmcfd due to bad weather at Moheshkhali,The Daily Star,output loss; production cost increase; cost-push inflation,industrial producers; manufacturers; energy traders
2026-09-24_Logistics_easing_6c51032a,2026-09-24,Logistics Improvement,Logistics,production_constraint,easing,low,transport_capacity_expansion,immediate–1 month,"Port throughput gains, transport improvements, or new infrastructure cut delivery times and lower costs across supply chains.","Foreign firms invited to modernise Chittagong Port, Minister Rabiul says",bdnews24.com,supply chain acceleration; lower transport costs; export throughput gains,exporters; importers; logistics firms
2026-09-24_Banking_easing_d4addb53,2026-09-24,Banking Sector Strengthening,Banking,financial_conditions,easing,high,npl_ratio_improvement,3–12 months,"Declining NPLs, stronger governance, or improved liquidity conditions restore credit intermediation capacity and depositor confidence.","5 digital banks, including bKash and Robi-backed ventures, get BB approval",The Business Standard — Banking,credit expansion capacity; deposit confidence; contingent liability easing,depositors; bank regulators; financial analysts
2026-09-24_Trade_Policy_easing_e402982d,2026-09-24,Trade Policy Liberalization,Trade Policy,policy_shock,easing,medium,trade_regime_opening,1–6 months,"Tariff reductions, liberalization measures, or preferential access agreements lower input costs and open new market access.",Bangladesh closer to joining world's largest free-trade bloc as RCEP working group approved,tbsnews.net,supply chain diversification; input cost reduction; export market expansion,importers; exporters; trade policy analysts
2026-09-24_Trade_Policy_easing_8724564c,2026-09-24,Trade Policy Liberalization,Trade Policy,policy_shock,easing,low,trade_regime_opening,1–6 months,"Tariff reductions, liberalization measures, or preferential access agreements lower input costs and open new market access.",RCEP approves working group to advance Bangladesh’s bid,The Daily Star,supply chain diversification; input cost reduction; export market expansion,importers; exporters; trade policy analysts
2026-09-24_Logistics_tightening_c94a9dd2,2026-09-24,Logistics Disruption,Logistics,production_constraint,tightening,high,transport_bottleneck,immediate–1 month,"Port congestion, transport disruption, or infrastructure failure raises delivery times and costs across supply chains.",DHL Express to raise Bangladesh prices by 4.9% from January,The Daily Star,supply chain delays; higher transport costs; export shipment bottleneck,exporters; importers; logistics firms
2026-09-24_Trade_Policy_easing_ea50d268,2026-09-24,Trade Policy Liberalization,Trade Policy,policy_shock,easing,low,trade_regime_opening,1–6 months,"Tariff reductions, liberalization measures, or preferential access agreements lower input costs and open new market access.",Bangladesh takes another step towards joining RCEP,Bonik Barta,supply chain diversification; input cost reduction; export market expansion,importers; exporters; trade policy analysts
2026-09-24_Exports_easing_81db8b7a,2026-09-24,Export Demand Expansion,Exports,balance_of_payments,easing,medium,export_orders_increase,1–3 months,"Rising external demand lifts factory utilization, expands labor income, and strengthens FX earnings.",Non-traditional markets set new record in Bangladesh’s RMG exports,The Financial Express,higher manufacturing output; urban employment gains; FX earnings boost,exporters; garment sector; currency desks
2026-09-24_Trade_Policy_tightening_4c04cd93,2026-09-24,Trade Policy Restriction,Trade Policy,policy_shock,tightening,medium,trade_regime_tightening,1–6 months,"Import bans, tariff hikes, or trade partner restrictions alter relative prices and disrupt established supply chains.",Black Sea disruptions push Bangladesh back towards Indian wheat supplies,Business Standard,supply chain disruption; input cost increase; trade diversion,importers; exporters; trade policy analysts
2026-09-24_Trade_Policy_easing_b0224602,2026-09-24,Trade Policy Liberalization,Trade Policy,policy_shock,easing,medium,trade_regime_opening,1–6 months,"Tariff reductions, liberalization measures, or preferential access agreements lower input costs and open new market access.",Bangladesh's RCEP bid gains pace as members approve special accession group,United News of Bangladesh,supply chain diversification; input cost reduction; export market expansion,importers; exporters; trade policy analysts
2026-09-24_Exports_easing_471b0ddb,2026-09-24,Export Demand Expansion,Exports,balance_of_payments,easing,high,export_orders_increase,1–3 months,"Rising external demand lifts factory utilization, expands labor income, and strengthens FX earnings.",RMG exports to non-traditional markets hit record high in August - en.bd-pratidin.com,en.bd-pratidin.com,higher manufacturing output; urban employment gains; FX earnings boost,exporters; garment sector; currency desks
2026-09-24_Trade_Policy_tightening_d8d1dbb8,2026-09-24,Trade Policy Restriction,Trade Policy,policy_shock,tightening,high,trade_regime_tightening,1–6 months,"Import bans, tariff hikes, or trade partner restrictions alter relative prices and disrupt established supply chains.",Bangladesh halts hilsa imports from India; 103 NOCs cancelled,Bonik Barta,supply chain disruption; input cost increase; trade diversion,importers; exporters; trade policy analysts
2026-09-24_Energy_tightening_d118a0d5,2026-09-24,Energy Supply Constraint,Energy,production_constraint,tightening,medium,load_shedding_intensity,immediate,"Energy shortages restrict industrial operating hours, raise unit costs, and force firms to rely on expensive captive generation.",Gas crisis ripples across economy,The Daily Star,output loss; production cost increase; cost-push inflation,industrial producers; manufacturers; energy traders
2026-09-24_Energy_tightening_c763ae55,2026-09-24,Energy Supply Constraint,Energy,production_constraint,tightening,medium,load_shedding_intensity,immediate,"Energy shortages restrict industrial operating hours, raise unit costs, and force firms to rely on expensive captive generation.","Bangladesh’s factories turn to the Sun as grid troubles, energy costs mount",bdnews24.com,output loss; production cost increase; cost-push inflation,industrial producers; manufacturers; energy traders
2026-09-24_Energy_easing_3361fa44,2026-09-24,Energy Supply Improvement,Energy,production_constraint,easing,medium,load_shedding_reduction,immediate,"Improved power and gas supply expands industrial operating hours, lowers unit costs, and reduces reliance on captive generation.","Chinese-Bangladeshi JV, BPDB to build 10MW solar plant at Bhasanchar",The Daily Star,output normalization; production cost relief; inflation pressure easing,industrial producers; manufacturers; energy traders
2026-09-24_Energy_tightening_c20b3a83,2026-09-24,Energy Supply Constraint,Energy,production_constraint,tightening,medium,load_shedding_intensity,immediate,"Energy shortages restrict industrial operating hours, raise unit costs, and force firms to rely on expensive captive generation.","Adverse weather disrupts LNG offloading, cuts gas supply",bdnews24.com,output loss; production cost increase; cost-push inflation,industrial producers; manufacturers; energy traders
2026-09-24_Energy_tightening_187efb9d,2026-09-24,Energy Supply Constraint,Energy,production_constraint,tightening,medium,load_shedding_intensity,immediate,"Energy shortages restrict industrial operating hours, raise unit costs, and force firms to rely on expensive captive generation.",Diesel price hike: Farmers dealt another blow,The Daily Star,output loss; production cost increase; cost-push inflation,industrial producers; manufacturers; energy traders
2026-09-24_Banking_easing_e0826ae7,2026-09-24,Banking Sector Strengthening,Banking,financial_conditions,easing,medium,npl_ratio_improvement,3–12 months,"Declining NPLs, stronger governance, or improved liquidity conditions restore credit intermediation capacity and depositor confidence.",BB adopts 18-month plan to recover default loans,The Business Standard,credit expansion capacity; deposit confidence; contingent liability easing,depositors; bank regulators; financial analysts
2026-09-24_Banking_easing_9314d10d,2026-09-24,Banking Sector Strengthening,Banking,financial_conditions,easing,high,npl_ratio_improvement,3–12 months,"Declining NPLs, stronger governance, or improved liquidity conditions restore credit intermediation capacity and depositor confidence.",BB raises refund cap for depositors of 4 failing NBFIs to Tk50 lakh from Tk10 lakh,The Business Standard,credit expansion capacity; deposit confidence; contingent liability easing,depositors; bank regulators; financial analysts
2026-09-24_Exports_easing_fbe9fc4c,2026-09-24,Export Demand Expansion,Exports,balance_of_payments,easing,medium,export_orders_increase,1–3 months,"Rising external demand lifts factory utilization, expands labor income, and strengthens FX earnings.","RMG exports witness new record in non-traditional markets including Japan, Australia",bssnews.net,higher manufacturing output; urban employment gains; FX earnings boost,exporters; garment sector; currency desks
2026-09-24_Banking_easing_ef996bb1,2026-09-24,Banking Sector Strengthening,Banking,financial_conditions,easing,high,npl_ratio_improvement,3–12 months,"Declining NPLs, stronger governance, or improved liquidity conditions restore credit intermediation capacity and depositor confidence.",Five digital banks get LoIs from Bangladesh Bank,bssnews.net,credit expansion capacity; deposit confidence; contingent liability easing,depositors; bank regulators; financial analysts
2026-09-23_Logistics_easing_5d269c0c,2026-09-23,Logistics Improvement,Logistics,production_constraint,easing,medium,transport_capacity_expansion,immediate–1 month,"Port throughput gains, transport improvements, or new infrastructure cut delivery times and lower costs across supply chains.",Dual-gauge upgrade planned for Laksam-Ctg rail link to boost trade,The Business Standard,supply chain acceleration; lower transport costs; export throughput gains,exporters; importers; logistics firms
2026-09-23_Energy_tightening_283784d1,2026-09-23,Energy Supply Constraint,Energy,production_constraint,tightening,medium,load_shedding_intensity,immediate,"Energy shortages restrict industrial operating hours, raise unit costs, and force firms to rely on expensive captive generation.",Uttara-Ashulia CNG stations to halt gas supply to vehicles with unauthorised cylinders,The Business Standard — Economy,output loss; production cost increase; cost-push inflation,industrial producers; manufacturers; energy traders
2026-09-23_Energy_tightening_4f19c3ed,2026-09-23,Energy Supply Constraint,Energy,production_constraint,tightening,medium,load_shedding_intensity,immediate,"Energy shortages restrict industrial operating hours, raise unit costs, and force firms to rely on expensive captive generation.",Managing Bangladesh’s latest fuel price shock,The Daily Star,output loss; production cost increase; cost-push inflation,industrial producers; manufacturers; energy traders
2026-09-23_Remittances_easing_5617dc4a,2026-09-23,Remittance Flow Strengthening,Remittances,balance_of_payments,easing,low,remittance_growth_acceleration,1–3 months,"Rising remittances lift rural household income, strengthen consumption demand, and expand formal FX supply.",Remittance inflow to Bangladesh expected to remain resilient: ADB,bssnews.net,rural consumption boost; FX supply expansion; formal channel share rising,rural economy analysts; consumer sector; central bank
2026-09-23_Labor_Market_easing_426bdd45,2026-09-23,Labor Market Improvement,Labor Market,real_economy,easing,medium,employment_expansion,1–6 months,"New hiring, wage gains, or overseas employment growth lift household incomes and support aggregate demand.","Rural wages surpass food inflation, lifting purchasing capacity",bssnews.net,consumption support; social stability; poverty reduction,garment sector; labor unions; consumer sector analysts
2026-09-23_Monetary_Policy_tightening_d24023ef,2026-09-23,Monetary Policy Tightening,Monetary Policy,financial_conditions,tightening,high,policy_rate_hike,1–6 months,"Central bank tightening raises borrowing costs, slows credit expansion, and signals concern about inflation or external balance.","ADB cuts Bangladesh FY27 growth forecast to 4%, sees inflation at 9%",The Business Standard,higher borrowing costs; bond yield rise; investment dampening,banks; bond market; corporate treasurers
2026-09-23_Banking_tightening_0958de19,2026-09-23,Banking Sector Fragility,Banking,financial_conditions,tightening,high,npl_ratio_deterioration,3–12 months,"Rising non-performing loans, governance failures, or liquidity stress in banks constrain credit intermediation and erode depositor confidence.",StanChart Bangladesh plans to close retail banking operation,The Business Standard,credit rationing; deposit flight risk; fiscal contingent liability,depositors; bank regulators; financial analysts
2026-09-23_Monetary_Policy_tightening_5a2e8e1f,2026-09-23,Monetary Policy Tightening,Monetary Policy,financial_conditions,tightening,medium,policy_rate_hike,1–6 months,"Central bank tightening raises borrowing costs, slows credit expansion, and signals concern about inflation or external balance.","Bangladesh Bank sees oil prices, payscale complicating inflation control",bdnews24.com,higher borrowing costs; bond yield rise; investment dampening,banks; bond market; corporate treasurers
2026-09-23_Food_Prices_tightening_38778884,2026-09-23,Food Price Pressure,Food Prices,price_signal,tightening,medium,staple_price_acceleration,immediate–3 months,"Rising staple prices compress real incomes of the poor, raise wage demands, and feed into broader inflation expectations.",ADB warns inflation may rise to 9pc,Daily Observer,real income erosion for the poor; wage pressure; headline inflation rise,consumer sector; food importers; social protection agencies
2026-09-23_Trade_Policy_tightening_e683a7dc,2026-09-23,Trade Policy Restriction,Trade Policy,policy_shock,tightening,medium,trade_regime_tightening,1–6 months,"Import bans, tariff hikes, or trade partner restrictions alter relative prices and disrupt established supply chains.",Bangladesh turns to India for wheat as Black Sea disruption pushes up prices,Business Today,supply chain disruption; input cost increase; trade diversion,importers; exporters; trade policy analysts
2026-09-23_Trade_Policy_easing_9804db98,2026-09-23,Trade Policy Liberalization,Trade Policy,policy_shock,easing,low,trade_regime_opening,1–6 months,"Tariff reductions, liberalization measures, or preferential access agreements lower input costs and open new market access.","Bangladesh, Myanmar envoy working to resume cross-border trade, waterways",New Age BD,supply chain diversification; input cost reduction; export market expansion,importers; exporters; trade policy analysts
2026-09-23_Foreign_Exchange_easing_a0130304,2026-09-23,External Liquidity Improvement,Foreign Exchange,balance_of_payments,easing,low,fx_reserves_recovery,1–3 months,"Rising reserves and improved BoP position ease import financing constraints, narrow the informal FX premium, and restore normal trade settlement.",How will Bangladesh's new cross-border trade settlement in taka work?,The Business Standard,import normalization; informal FX premium narrowing; reserve buffer strengthening,trade finance banks; importers; currency desks
2026-09-23_Foreign_Exchange_easing_33f50134,2026-09-23,External Liquidity Improvement,Foreign Exchange,balance_of_payments,easing,high,fx_reserves_recovery,1–3 months,"Rising reserves and improved BoP position ease import financing constraints, narrow the informal FX premium, and restore normal trade settlement.",Bangladesh Bank allows cross-border trade settlement in Taka,The Daily Star,import normalization; informal FX premium narrowing; reserve buffer strengthening,trade finance banks; importers; currency desks
2026-09-23_Trade_Policy_tightening_97a98ac8,2026-09-23,Trade Policy Restriction,Trade Policy,policy_shock,tightening,high,trade_regime_tightening,1–6 months,"Import bans, tariff hikes, or trade partner restrictions alter relative prices and disrupt established supply chains.",Bangladesh halts hilsa imports from India,New Age BD,supply chain disruption; input cost increase; trade diversion,importers; exporters; trade policy analysts
2026-09-23_Trade_Policy_easing_03d80726,2026-09-23,Trade Policy Liberalization,Trade Policy,policy_shock,easing,medium,trade_regime_opening,1–6 months,"Tariff reductions, liberalization measures, or preferential access agreements lower input costs and open new market access.",92% Bangladeshi products to continue enjoying duty-free access to UK post-LDC: Envoy - daily-sun.com,daily-sun.com,supply chain diversification; input cost reduction; export market expansion,importers; exporters; trade policy analysts
2026-09-23_Trade_Policy_easing_5cca3ed4,2026-09-23,Trade Policy Liberalization,Trade Policy,policy_shock,easing,medium,trade_regime_opening,1–6 months,"Tariff reductions, liberalization measures, or preferential access agreements lower input costs and open new market access.",Bangladesh-Saudi Bilateral Trade Rises to $1.2 Billion: Saudi Ambassador,businessinbangladesh.com.bd,supply chain diversification; input cost reduction; export market expansion,importers; exporters; trade policy analysts
2026-09-23_Exports_easing_ae83ac63,2026-09-23,Export Demand Expansion,Exports,balance_of_payments,easing,medium,export_orders_increase,1–3 months,"Rising external demand lifts factory utilization, expands labor income, and strengthens FX earnings.",BGMEA launches 'Japan Desk' to tap bigger share of Japan's $22b apparel market,The Business Standard,higher manufacturing output; urban employment gains; FX earnings boost,exporters; garment sector; currency desks
2026-09-23_Remittances_easing_f0b21b36,2026-09-23,Remittance Flow Strengthening,Remittances,balance_of_payments,easing,low,remittance_growth_acceleration,1–3 months,"Rising remittances lift rural household income, strengthen consumption demand, and expand formal FX supply.",Bangladesh keen to send manpower for development work in Saudi Arabia: Moyeen,bssnews.net,rural consumption boost; FX supply expansion; formal channel share rising,rural economy analysts; consumer sector; central bank
2026-09-23_Trade_Policy_easing_8af3c421,2026-09-23,Trade Policy Liberalization,Trade Policy,policy_shock,easing,low,trade_regime_opening,1–6 months,"Tariff reductions, liberalization measures, or preferential access agreements lower input costs and open new market access.","Myanmar working with Bangladesh to resume cross-border trade, sea links: Envoy",The Business Standard,supply chain diversification; input cost reduction; export market expansion,importers; exporters; trade policy analysts
2026-09-23_Trade_Policy_tightening_3b7495a3,2026-09-23,Trade Policy Restriction,Trade Policy,policy_shock,tightening,high,trade_regime_tightening,1–6 months,"Import bans, tariff hikes, or trade partner restrictions alter relative prices and disrupt established supply chains.","Bangladesh halts hilsa import from India, cancels 103 permits",The Financial Express,supply chain disruption; input cost increase; trade diversion,importers; exporters; trade policy analysts
2026-09-23_Exports_easing_a0cece93,2026-09-23,Export Demand Expansion,Exports,balance_of_payments,easing,low,export_orders_increase,1–3 months,"Rising external demand lifts factory utilization, expands labor income, and strengthens FX earnings.",Bangladesh targets bigger share of Japan's apparel market with new export push,The Financial Express,higher manufacturing output; urban employment gains; FX earnings boost,exporters; garment sector; currency desks
2026-09-23_Foreign_Exchange_easing_3886763e,2026-09-23,External Liquidity Improvement,Foreign Exchange,balance_of_payments,easing,high,fx_reserves_recovery,1–3 months,"Rising reserves and improved BoP position ease import financing constraints, narrow the informal FX premium, and restore normal trade settlement.",BB allows cross-border trade settlement in taka through vostro accounts,The Business Standard,import normalization; informal FX premium narrowing; reserve buffer strengthening,trade finance banks; importers; currency desks
2026-09-23_Foreign_Exchange_easing_904e1149,2026-09-23,External Liquidity Improvement,Foreign Exchange,balance_of_payments,easing,medium,fx_reserves_recovery,1–3 months,"Rising reserves and improved BoP position ease import financing constraints, narrow the informal FX premium, and restore normal trade settlement.",BB opens new avenue for cross-border trade settlement in Taka through vostro accounts,bssnews.net,import normalization; informal FX premium narrowing; reserve buffer strengthening,trade finance banks; importers; currency desks
2026-09-23_Foreign_Exchange_easing_2b91e160,2026-09-23,External Liquidity Improvement,Foreign Exchange,balance_of_payments,easing,medium,fx_reserves_recovery,1–3 months,"Rising reserves and improved BoP position ease import financing constraints, narrow the informal FX premium, and restore normal trade settlement.",Central bank introduces Taka settlement framework for cross-border trade,The Financial Express,import normalization; informal FX premium narrowing; reserve buffer strengthening,trade finance banks; importers; currency desks
2026-09-23_Foreign_Exchange_easing_5a1481db,2026-09-23,External Liquidity Improvement,Foreign Exchange,balance_of_payments,easing,medium,fx_reserves_recovery,1–3 months,"Rising reserves and improved BoP position ease import financing constraints, narrow the informal FX premium, and restore normal trade settlement.",Bangladesh Bank allows Taka Vostro accounts to boost local currency trade,United News of Bangladesh,import normalization; informal FX premium narrowing; reserve buffer strengthening,trade finance banks; importers; currency desks
2026-09-23_Capital_Markets_easing_57756508,2026-09-23,Capital Markets Recovery,Capital Markets,financial_conditions,easing,medium,equity_market_rally,immediate–3 months,"Equity market gains, FDI inflows, or portfolio inflows signal improving investor confidence and easier financing conditions.",Invest Bangladesh reports $1.3 billion prospective investment pipeline,The Financial Express,equity valuation gain; FDI recovery; market liquidity expansion,equity investors; portfolio managers; foreign investors
2026-09-23_Exports_easing_8ffe90b9,2026-09-23,Export Demand Expansion,Exports,balance_of_payments,easing,medium,export_orders_increase,1–3 months,"Rising external demand lifts factory utilization, expands labor income, and strengthens FX earnings.",Bangladesh opens dedicated desk to boost apparel exports to Japan,Textile Today,higher manufacturing output; urban employment gains; FX earnings boost,exporters; garment sector; currency desks
2026-09-23_Banking_tightening_b5461b08,2026-09-23,Banking Sector Fragility,Banking,financial_conditions,tightening,low,npl_ratio_deterioration,3–12 months,"Rising non-performing loans, governance failures, or liquidity stress in banks constrain credit intermediation and erode depositor confidence.",Video | Is Bangladesh's Islami Bank Bankrupt? The Shocking $6.88 Billion Shortfall Decoded,NDTV,credit rationing; deposit flight risk; fiscal contingent liability,depositors; bank regulators; financial analysts
2026-09-23_Energy_easing_d1e5b5e4,2026-09-23,Energy Supply Improvement,Energy,production_constraint,easing,high,load_shedding_reduction,immediate,"Improved power and gas supply expands industrial operating hours, lowers unit costs, and reduces reliance on captive generation.",ADB approves $200m loan to modernise Bangladesh power distribution network,Just News BD,output normalization; production cost relief; inflation pressure easing,industrial producers; manufacturers; energy traders
2026-09-23_Energy_easing_c7a7516e,2026-09-23,Energy Supply Improvement,Energy,production_constraint,easing,high,load_shedding_reduction,immediate,"Improved power and gas supply expands industrial operating hours, lowers unit costs, and reduces reliance on captive generation.",ADB approves $200m loan to upgrade Bangladesh’s power network,TheReport.live,output normalization; production cost relief; inflation pressure easing,industrial producers; manufacturers; energy traders
2026-09-23_Banking_tightening_cda4cb3f,2026-09-23,Banking Sector Fragility,Banking,financial_conditions,tightening,high,npl_ratio_deterioration,3–12 months,"Rising non-performing loans, governance failures, or liquidity stress in banks constrain credit intermediation and erode depositor confidence.","8,542 Recruited to Islami Bank Without Public Notices or Exams: Bangladesh Bank Inspection Report",businessinbangladesh.com.bd,credit rationing; deposit flight risk; fiscal contingent liability,depositors; bank regulators; financial analysts
2026-09-23_Credit_easing_77641671,2026-09-23,Credit Allocation Loosening,Credit,financial_conditions,easing,medium,credit_growth_acceleration,3–6 months,Expanded bank lending improves investment and working capital availability across the real economy.,United Finance signs CMSME Working Capital Refinance Agreement with Bangladesh Bank,The Financial Express,investment pickup; working capital expansion; GDP growth support,commercial banks; corporate borrowers; investment desks
2026-09-23_Energy_tightening_d118a0d5,2026-09-23,Energy Supply Constraint,Energy,production_constraint,tightening,medium,load_shedding_intensity,immediate,"Energy shortages restrict industrial operating hours, raise unit costs, and force firms to rely on expensive captive generation.",Gas crisis ripples across economy,The Daily Star,output loss; production cost increase; cost-push inflation,industrial producers; manufacturers; energy traders
2026-09-23_Energy_tightening_c05dad85,2026-09-23,Energy Supply Constraint,Energy,production_constraint,tightening,high,load_shedding_intensity,immediate,"Energy shortages restrict industrial operating hours, raise unit costs, and force firms to rely on expensive captive generation.",Fuel prices hiked by Tk 20 a litre,The Daily Star,output loss; production cost increase; cost-push inflation,industrial producers; manufacturers; energy traders
2026-09-23_Energy_tightening_3b7bf643,2026-09-23,Energy Supply Constraint,Energy,production_constraint,tightening,medium,load_shedding_intensity,immediate,"Energy shortages restrict industrial operating hours, raise unit costs, and force firms to rely on expensive captive generation.",Hormuz shock hits Bangladesh’s economic lifeline,WION,output loss; production cost increase; cost-push inflation,industrial producers; manufacturers; energy traders
2026-09-23_Logistics_easing_403ef8c2,2026-09-23,Logistics Improvement,Logistics,production_constraint,easing,medium,transport_capacity_expansion,immediate–1 month,"Port throughput gains, transport improvements, or new infrastructure cut delivery times and lower costs across supply chains.",Ctg Port authority takes six initiatives to digitise port services,The Business Standard,supply chain acceleration; lower transport costs; export throughput gains,exporters; importers; logistics firms
2026-09-23_Energy_easing_1b277328,2026-09-23,Energy Supply Improvement,Energy,production_constraint,easing,high,load_shedding_reduction,immediate,"Improved power and gas supply expands industrial operating hours, lowers unit costs, and reduces reliance on captive generation.",ADB approves $200mn loan to modernise power distribution network around Dhaka,bdnews24.com,output normalization; production cost relief; inflation pressure easing,industrial producers; manufacturers; energy traders
2026-09-23_Energy_easing_c4b793e4,2026-09-23,Energy Supply Improvement,Energy,production_constraint,easing,high,load_shedding_reduction,immediate,"Improved power and gas supply expands industrial operating hours, lowers unit costs, and reduces reliance on captive generation.",Bangladesh to buy 2 more LNG cargoes from Qatar,bdnews24.com,output normalization; production cost relief; inflation pressure easing,industrial producers; manufacturers; energy traders
2026-09-23_Energy_easing_fc435751,2026-09-23,Energy Supply Improvement,Energy,production_constraint,easing,medium,load_shedding_reduction,immediate,"Improved power and gas supply expands industrial operating hours, lowers unit costs, and reduces reliance on captive generation.","Bangladesh allocates Tk370 crore for rooftop solar at 6,544 institutions",TheReport.live,output normalization; production cost relief; inflation pressure easing,industrial producers; manufacturers; energy traders
2026-09-23_Logistics_easing_684efcab,2026-09-23,Logistics Improvement,Logistics,production_constraint,easing,high,transport_capacity_expansion,immediate–1 month,"Port throughput gains, transport improvements, or new infrastructure cut delivery times and lower costs across supply chains.",Mongla Port earns record Tk 387.95cr revenue in FY26,bssnews.net,supply chain acceleration; lower transport costs; export throughput gains,exporters; importers; logistics firms
2026-09-23_Capital_Markets_easing_55079970,2026-09-23,Capital Markets Recovery,Capital Markets,financial_conditions,easing,low,equity_market_rally,immediate–3 months,"Equity market gains, FDI inflows, or portfolio inflows signal improving investor confidence and easier financing conditions.",DSE targets 10 blue-chip listings by 2027,The Financial Express,equity valuation gain; FDI recovery; market liquidity expansion,equity investors; portfolio managers; foreign investors
2026-09-23_Capital_Markets_easing_2f289649,2026-09-23,Capital Markets Recovery,Capital Markets,financial_conditions,easing,low,equity_market_rally,immediate–3 months,"Equity market gains, FDI inflows, or portfolio inflows signal improving investor confidence and easier financing conditions.","Stock market indices rise in early trading on DSE, CSE - en.bd-pratidin.com",en.bd-pratidin.com,equity valuation gain; FDI recovery; market liquidity expansion,equity investors; portfolio managers; foreign investors
2026-09-23_Remittances_easing_715da921,2026-09-23,Remittance Flow Strengthening,Remittances,balance_of_payments,easing,high,remittance_growth_acceleration,1–3 months,"Rising remittances lift rural household income, strengthen consumption demand, and expand formal FX supply.",BB allows wage earners’ remittances through exchange houses,bssnews.net,rural consumption boost; FX supply expansion; formal channel share rising,rural economy analysts; consumer sector; central bank
2026-09-23_Fiscal_easing_6ec3c200,2026-09-23,Fiscal Revenue Improvement,Fiscal,fiscal,easing,medium,revenue_collection_growth,3–6 months,"Revenue collection gains relieve expenditure compression, support development spending, and ease pressure on domestic borrowing.",NBR foils Tk16.44cr revenue evasion bid,The Business Standard — Economy,development spending room; domestic borrowing relief; treasury yield easing,bond market; development agencies; government contractors
2026-09-23_Logistics_easing_75f0d067,2026-09-23,Logistics Improvement,Logistics,production_constraint,easing,high,transport_capacity_expansion,immediate–1 month,"Port throughput gains, transport improvements, or new infrastructure cut delivery times and lower costs across supply chains.",Mongla Port earns record Tk387.95cr revenue in FY26,The Business Standard — Economy,supply chain acceleration; lower transport costs; export throughput gains,exporters; importers; logistics firms
2026-09-23_Banking_tightening_ba29ec30,2026-09-23,Banking Sector Fragility,Banking,financial_conditions,tightening,medium,npl_ratio_deterioration,3–12 months,"Rising non-performing loans, governance failures, or liquidity stress in banks constrain credit intermediation and erode depositor confidence.","Islami Bank faces corporate client confidence concerns amid board, MD vacuum",The Business Standard — Economy,credit rationing; deposit flight risk; fiscal contingent liability,depositors; bank regulators; financial analysts
2026-09-23_Remittances_easing_305f4680,2026-09-23,Remittance Flow Strengthening,Remittances,balance_of_payments,easing,high,remittance_growth_acceleration,1–3 months,"Rising remittances lift rural household income, strengthen consumption demand, and expand formal FX supply.",BB allows remittances through exchange houses to be credited to foreign currency accounts,The Business Standard — Banking,rural consumption boost; FX supply expansion; formal channel share rising,rural economy analysts; consumer sector; central bank
2026-09-23_Banking_tightening_3f240990,2026-09-23,Banking Sector Fragility,Banking,financial_conditions,tightening,medium,npl_ratio_deterioration,3–12 months,"Rising non-performing loans, governance failures, or liquidity stress in banks constrain credit intermediation and erode depositor confidence.","CV boxes, no exams, no circulars: Fresh probe exposes S Alam-era Islami Bank hiring scam",The Business Standard — Banking,credit rationing; deposit flight risk; fiscal contingent liability,depositors; bank regulators; financial analysts
2026-09-23_Food_Prices_tightening_b1d54541,2026-09-23,Food Price Pressure,Food Prices,price_signal,tightening,medium,staple_price_acceleration,immediate–3 months,"Rising staple prices compress real incomes of the poor, raise wage demands, and feed into broader inflation expectations.",Inflation poised to return to 9%,The Daily Star,real income erosion for the poor; wage pressure; headline inflation rise,consumer sector; food importers; social protection agencies
2026-09-23_Remittances_easing_55df7a4e,2026-09-23,Remittance Flow Strengthening,Remittances,balance_of_payments,easing,medium,remittance_growth_acceleration,1–3 months,"Rising remittances lift rural household income, strengthen consumption demand, and expand formal FX supply.",Remittance inflow to Bangladesh expected to remain resilient: ADB - Bangladesh Sangbad Sangstha (BSS),Bangladesh Sangbad Sangstha (BSS),rural consumption boost; FX supply expansion; formal channel share rising,rural economy analysts; consumer sector; central bank
2026-09-23_Fiscal_tightening_52c4f42c,2026-09-23,Fiscal Revenue Stress,Fiscal,fiscal,tightening,medium,revenue_collection_shortfall,3–6 months,"Tax revenue shortfalls force expenditure compression or borrowing, crowding out development spending and raising domestic debt costs.",Tax-to-GDP ratio falling since FY12,New Age BD,development spending cut; domestic borrowing increase; treasury yield pressure,bond market; development agencies; government contractors
2026-09-23_Labor_Market_easing_c64d2f89,2026-09-23,Labor Market Improvement,Labor Market,real_economy,easing,medium,employment_expansion,1–6 months,"New hiring, wage gains, or overseas employment growth lift household incomes and support aggregate demand.","Rural wages surpass food inflation, lifting purchasing capacity - Bangladesh Sangbad Sangstha (BSS)",Bangladesh Sangbad Sangstha (BSS),consumption support; social stability; poverty reduction,garment sector; labor unions; consumer sector analysts
2026-09-23_Trade_Policy_tightening_d219176b,2026-09-23,Trade Policy Restriction,Trade Policy,policy_shock,tightening,low,trade_regime_tightening,1–6 months,"Import bans, tariff hikes, or trade partner restrictions alter relative prices and disrupt established supply chains.",Bangladesh under US pressure over trade,New Age BD,supply chain disruption; input cost increase; trade diversion,importers; exporters; trade policy analysts
2026-09-23_Exports_easing_e90bb306,2026-09-23,Export Demand Expansion,Exports,balance_of_payments,easing,medium,export_orders_increase,1–3 months,"Rising external demand lifts factory utilization, expands labor income, and strengthens FX earnings.",BGMEA launches Japan Desk to boost apparel exports,New Age BD,higher manufacturing output; urban employment gains; FX earnings boost,exporters; garment sector; currency desks
2026-09-23_Trade_Policy_tightening_7af47d2d,2026-09-23,Trade Policy Restriction,Trade Policy,policy_shock,tightening,high,trade_regime_tightening,1–6 months,"Import bans, tariff hikes, or trade partner restrictions alter relative prices and disrupt established supply chains.",Bangladesh cancels import permits for hilsa from India,The Times of India,supply chain disruption; input cost increase; trade diversion,importers; exporters; trade policy analysts
2026-09-23_Exports_easing_67be1c0e,2026-09-23,Export Demand Expansion,Exports,balance_of_payments,easing,medium,export_orders_increase,1–3 months,"Rising external demand lifts factory utilization, expands labor income, and strengthens FX earnings.",BGMEA opens dedicated desk for Japan to boost exports,The Daily Star,higher manufacturing output; urban employment gains; FX earnings boost,exporters; garment sector; currency desks
2026-09-23_Energy_tightening_4a2ba87a,2026-09-23,Energy Supply Constraint,Energy,production_constraint,tightening,medium,load_shedding_intensity,immediate,"Energy shortages restrict industrial operating hours, raise unit costs, and force firms to rely on expensive captive generation.",Fuel price hike starts hitting logistics sector,The Daily Star,output loss; production cost increase; cost-push inflation,industrial producers; manufacturers; energy traders
2026-09-23_Foreign_Exchange_easing_f3d6f414,2026-09-23,External Liquidity Improvement,Foreign Exchange,balance_of_payments,easing,medium,fx_reserves_recovery,1–3 months,"Rising reserves and improved BoP position ease import financing constraints, narrow the informal FX premium, and restore normal trade settlement.",BB opens new avenue for cross-border trade settlement in Taka through vostro accounts - Bangladesh Sangbad Sangstha (BSS),Bangladesh Sangbad Sangstha (BSS),import normalization; informal FX premium narrowing; reserve buffer strengthening,trade finance banks; importers; currency desks
2026-09-23_Remittances_easing_775202e1,2026-09-23,Remittance Flow Strengthening,Remittances,balance_of_payments,easing,low,remittance_growth_acceleration,1–3 months,"Rising remittances lift rural household income, strengthen consumption demand, and expand formal FX supply.",Bangladesh keen to send manpower for development work in Saudi Arabia: Moyeen - Bangladesh Sangbad Sangstha (BSS),Bangladesh Sangbad Sangstha (BSS),rural consumption boost; FX supply expansion; formal channel share rising,rural economy analysts; consumer sector; central bank
2026-09-23_Trade_Policy_easing_b623e494,2026-09-23,Trade Policy Liberalization,Trade Policy,policy_shock,easing,low,trade_regime_opening,1–6 months,"Tariff reductions, liberalization measures, or preferential access agreements lower input costs and open new market access.",Bangladesh hopeful of signing FTA with Malaysia by 2027,Prothom Alo English,supply chain diversification; input cost reduction; export market expansion,importers; exporters; trade policy analysts
2026-09-23_Energy_easing_bbf37978,2026-09-23,Energy Supply Improvement,Energy,production_constraint,easing,high,load_shedding_reduction,immediate,"Improved power and gas supply expands industrial operating hours, lowers unit costs, and reduces reliance on captive generation.",ADB approves $200m loan to modernize Bangladesh’s power network - Bangladesh Sangbad Sangstha (BSS),Bangladesh Sangbad Sangstha (BSS),output normalization; production cost relief; inflation pressure easing,industrial producers; manufacturers; energy traders
2026-09-23_Logistics_easing_6612dac1,2026-09-23,Logistics Improvement,Logistics,production_constraint,easing,medium,transport_capacity_expansion,immediate–1 month,"Port throughput gains, transport improvements, or new infrastructure cut delivery times and lower costs across supply chains.",Ctg Port authority takes six initiatives to digitize port services - Bangladesh Sangbad Sangstha (BSS),Bangladesh Sangbad Sangstha (BSS),supply chain acceleration; lower transport costs; export throughput gains,exporters; importers; logistics firms
2026-09-23_Energy_easing_9ebf4eee,2026-09-23,Energy Supply Improvement,Energy,production_constraint,easing,high,load_shedding_reduction,immediate,"Improved power and gas supply expands industrial operating hours, lowers unit costs, and reduces reliance on captive generation.",ADB approves $200m loan to modernise BD's power network,The Financial Express,output normalization; production cost relief; inflation pressure easing,industrial producers; manufacturers; energy traders
2026-09-23_Logistics_easing_41866a38,2026-09-23,Logistics Improvement,Logistics,production_constraint,easing,high,transport_capacity_expansion,immediate–1 month,"Port throughput gains, transport improvements, or new infrastructure cut delivery times and lower costs across supply chains.",Mongla Port earns record Tk 387.95cr revenue in FY26 - Bangladesh Sangbad Sangstha (BSS),Bangladesh Sangbad Sangstha (BSS),supply chain acceleration; lower transport costs; export throughput gains,exporters; importers; logistics firms
2026-09-23_Remittances_easing_77912ab9,2026-09-23,Remittance Flow Strengthening,Remittances,balance_of_payments,easing,medium,remittance_growth_acceleration,1–3 months,"Rising remittances lift rural household income, strengthen consumption demand, and expand formal FX supply.",BB allows wage earners’ remittances through exchange houses - Bangladesh Sangbad Sangstha (BSS),Bangladesh Sangbad Sangstha (BSS),rural consumption boost; FX supply expansion; formal channel share rising,rural economy analysts; consumer sector; central bank
2026-09-23_Food_Prices_tightening_aa34f246,2026-09-23,Food Price Pressure,Food Prices,price_signal,tightening,medium,staple_price_acceleration,immediate–3 months,"Rising staple prices compress real incomes of the poor, raise wage demands, and feed into broader inflation expectations.",Bangladesh Inflation 9% FY2026-27 ADB Forecast | Inflation poised to return to 9%,The Daily Star,real income erosion for the poor; wage pressure; headline inflation rise,consumer sector; food importers; social protection agencies
2026-09-23_Labor_Market_tightening_096f2d6e,2026-09-23,Labor Market Stress,Labor Market,real_economy,tightening,medium,employment_disruption,1–6 months,"Factory closures, layoffs, or wage arrears signal real-economy deterioration and reduce aggregate demand through income channels.",Hundreds of Bangladesh garment factories close due to protests,Arab News,consumption contraction; social tension; urban poverty increase,garment sector; labor unions; consumer sector analysts
2026-09-23_Banking_tightening_eb64f314,2026-09-23,Banking Sector Fragility,Banking,financial_conditions,tightening,medium,npl_ratio_deterioration,3–12 months,"Rising non-performing loans, governance failures, or liquidity stress in banks constrain credit intermediation and erode depositor confidence.",Leadership void leaves Islami Bank struggling,The Daily Star,credit rationing; deposit flight risk; fiscal contingent liability,depositors; bank regulators; financial analysts
2026-09-23_Foreign_Exchange_easing_c20e2fb5,2026-09-23,External Liquidity Improvement,Foreign Exchange,balance_of_payments,easing,medium,fx_reserves_recovery,1–3 months,"Rising reserves and improved BoP position ease import financing constraints, narrow the informal FX premium, and restore normal trade settlement.",BB allows cross-border trade settlement in taka,The Daily Star,import normalization; informal FX premium narrowing; reserve buffer strengthening,trade finance banks; importers; currency desks
2026-09-22_Energy_tightening_7d150f43,2026-09-22,Energy Supply Constraint,Energy,production_constraint,tightening,medium,load_shedding_intensity,immediate,"Energy shortages restrict industrial operating hours, raise unit costs, and force firms to rely on expensive captive generation.",Bangladesh’s fuel price hike starts hitting logistics sector,Asia News Network,output loss; production cost increase; cost-push inflation,industrial producers; manufacturers; energy traders
2026-09-22_Foreign_Exchange_easing_7910e38d,2026-09-22,External Liquidity Improvement,Foreign Exchange,balance_of_payments,easing,medium,fx_reserves_recovery,1–3 months,"Rising reserves and improved BoP position ease import financing constraints, narrow the informal FX premium, and restore normal trade settlement.",Offshore banking units allowed to trade foreign currency with local banks,Daily Bonik Barta,import normalization; informal FX premium narrowing; reserve buffer strengthening,trade finance banks; importers; currency desks
2026-09-22_Energy_tightening_79ec7669,2026-09-22,Energy Supply Constraint,Energy,production_constraint,tightening,medium,load_shedding_intensity,immediate,"Energy shortages restrict industrial operating hours, raise unit costs, and force firms to rely on expensive captive generation.",Bangladesh feels the heat of fuel price rise,The Financial Express,output loss; production cost increase; cost-push inflation,industrial producers; manufacturers; energy traders
2026-09-22_Trade_Policy_easing_66c86111,2026-09-22,Trade Policy Liberalization,Trade Policy,policy_shock,easing,high,trade_regime_opening,1–6 months,"Tariff reductions, liberalization measures, or preferential access agreements lower input costs and open new market access.","Bangladesh lifts prior approval requirement for yarn, fabric imports by export-oriented garment makers",Textile Today,supply chain diversification; input cost reduction; export market expansion,importers; exporters; trade policy analysts
2026-09-22_Energy_tightening_cb7e2c29,2026-09-22,Energy Supply Constraint,Energy,production_constraint,tightening,high,load_shedding_intensity,immediate,"Energy shortages restrict industrial operating hours, raise unit costs, and force firms to rely on expensive captive generation.",From bus fares to farming: Tk20 fuel hike spreads pain across economy,The Business Standard — Economy,output loss; production cost increase; cost-push inflation,industrial producers; manufacturers; energy traders
2026-09-22_Remittances_easing_49b1ea8b,2026-09-22,Remittance Flow Strengthening,Remittances,balance_of_payments,easing,high,remittance_growth_acceleration,1–3 months,"Rising remittances lift rural household income, strengthen consumption demand, and expand formal FX supply.",Remittance inflow rises 13.8pc in FY27 till Sept 21 - Bangladesh Sangbad Sangstha (BSS),Bangladesh Sangbad Sangstha (BSS),rural consumption boost; FX supply expansion; formal channel share rising,rural economy analysts; consumer sector; central bank
2026-09-22_Exports_easing_526eee99,2026-09-22,Export Demand Expansion,Exports,balance_of_payments,easing,medium,export_orders_increase,1–3 months,"Rising external demand lifts factory utilization, expands labor income, and strengthens FX earnings.",Pearl Global expands Bangladesh footprint; adds 7 million pieces of garment capacity,TradingView,higher manufacturing output; urban employment gains; FX earnings boost,exporters; garment sector; currency desks
2026-09-22_Trade_Policy_easing_6d509320,2026-09-22,Trade Policy Liberalization,Trade Policy,policy_shock,easing,medium,trade_regime_opening,1–6 months,"Tariff reductions, liberalization measures, or preferential access agreements lower input costs and open new market access.",Bangladesh eases import rules for specialised knits,Knitting Trade Journal,supply chain diversification; input cost reduction; export market expansion,importers; exporters; trade policy analysts
2026-09-22_Trade_Policy_easing_86eb6427,2026-09-22,Trade Policy Liberalization,Trade Policy,policy_shock,easing,medium,trade_regime_opening,1–6 months,"Tariff reductions, liberalization measures, or preferential access agreements lower input costs and open new market access.",Bangladesh Govt eases conditions to import synthetic fibres,Apparel Views,supply chain diversification; input cost reduction; export market expansion,importers; exporters; trade policy analysts
2026-09-22_Exports_easing_f6ff66e5,2026-09-22,Export Demand Expansion,Exports,balance_of_payments,easing,low,export_orders_increase,1–3 months,"Rising external demand lifts factory utilization, expands labor income, and strengthens FX earnings.","Messe Frankfurt Bangladesh, EPB discuss boosting export visibility - daily-sun.com",daily-sun.com,higher manufacturing output; urban employment gains; FX earnings boost,exporters; garment sector; currency desks
2026-09-22_Exports_tightening_f307e63f,2026-09-22,Export Demand Contraction,Exports,balance_of_payments,tightening,medium,export_orders_decline,1–3 months,"Weak external demand reduces factory utilization, compresses labor income, and lowers FX earnings.",Bangladesh lags global trends in value-added apparel exports: Report,United News of Bangladesh,lower manufacturing output; urban income slowdown; FX earnings pressure,exporters; garment sector; currency desks
2026-09-22_Banking_tightening_0c48d409,2026-09-22,Banking Sector Fragility,Banking,financial_conditions,tightening,medium,npl_ratio_deterioration,3–12 months,"Rising non-performing loans, governance failures, or liquidity stress in banks constrain credit intermediation and erode depositor confidence.",Bangladesh banking sector faces deepening crisis as bad loans rise,TheReport.live,credit rationing; deposit flight risk; fiscal contingent liability,depositors; bank regulators; financial analysts
2026-09-22_Credit_easing_1c015244,2026-09-22,Credit Allocation Loosening,Credit,financial_conditions,easing,high,credit_growth_acceleration,3–6 months,Expanded bank lending improves investment and working capital availability across the real economy.,"Dutch-Bangla Bank joins Tk2,000cr Bangladesh Bank refinance schemes",The Business Standard,investment pickup; working capital expansion; GDP growth support,commercial banks; corporate borrowers; investment desks
2026-09-22_Credit_easing_262922d4,2026-09-22,Credit Allocation Loosening,Credit,financial_conditions,easing,high,credit_growth_acceleration,3–6 months,Expanded bank lending improves investment and working capital availability across the real economy.,"NRB Bank joins Tk5,000cr Bangladesh Bank refinance schemes",The Business Standard,investment pickup; working capital expansion; GDP growth support,commercial banks; corporate borrowers; investment desks
2026-09-22_Energy_tightening_c4d5d799,2026-09-22,Energy Supply Constraint,Energy,production_constraint,tightening,medium,load_shedding_intensity,immediate,"Energy shortages restrict industrial operating hours, raise unit costs, and force firms to rely on expensive captive generation.",Bangladeshi Garments factory is fighting an energy crunch - The Daily News | Texas' Oldest Newspaper,The Daily News | Texas' Oldest Newspaper,output loss; production cost increase; cost-push inflation,industrial producers; manufacturers; energy traders
2026-09-22_Energy_tightening_4f19c3ed,2026-09-22,Energy Supply Constraint,Energy,production_constraint,tightening,medium,load_shedding_intensity,immediate,"Energy shortages restrict industrial operating hours, raise unit costs, and force firms to rely on expensive captive generation.",Managing Bangladesh’s latest fuel price shock,The Daily Star,output loss; production cost increase; cost-push inflation,industrial producers; manufacturers; energy traders
2026-09-22_Energy_tightening_4d1369d2,2026-09-22,Energy Supply Constraint,Energy,production_constraint,tightening,high,load_shedding_intensity,immediate,"Energy shortages restrict industrial operating hours, raise unit costs, and force firms to rely on expensive captive generation.",Bangladesh Energy Stocks Retail Investors Are Watching After The 20% Fuel Price Jump,simplywall.st,output loss; production cost increase; cost-push inflation,industrial producers; manufacturers; energy traders
2026-09-22_Energy_easing_4bba23cd,2026-09-22,Energy Supply Improvement,Energy,production_constraint,easing,medium,load_shedding_reduction,immediate,"Improved power and gas supply expands industrial operating hours, lowers unit costs, and reduces reliance on captive generation.",Solar power reduces irrigation cost in Jhenaidah - Bangladesh Sangbad Sangstha (BSS),Bangladesh Sangbad Sangstha (BSS),output normalization; production cost relief; inflation pressure easing,industrial producers; manufacturers; energy traders
2026-09-22_Energy_tightening_b63c8294,2026-09-22,Energy Supply Constraint,Energy,production_constraint,tightening,medium,load_shedding_intensity,immediate,"Energy shortages restrict industrial operating hours, raise unit costs, and force firms to rely on expensive captive generation.",Tamim attributes fuel price hike to global market increase - Bangladesh Sangbad Sangstha (BSS),Bangladesh Sangbad Sangstha (BSS),output loss; production cost increase; cost-push inflation,industrial producers; manufacturers; energy traders
2026-09-22_Energy_tightening_d85d776e,2026-09-22,Energy Supply Constraint,Energy,production_constraint,tightening,high,load_shedding_intensity,immediate,"Energy shortages restrict industrial operating hours, raise unit costs, and force firms to rely on expensive captive generation.",Govt losing Tk 109cr daily on diesel sales: Zahed - Bangladesh Sangbad Sangstha (BSS),Bangladesh Sangbad Sangstha (BSS),output loss; production cost increase; cost-push inflation,industrial producers; manufacturers; energy traders
2026-09-22_Capital_Markets_easing_5d7b897f,2026-09-22,Capital Markets Recovery,Capital Markets,financial_conditions,easing,high,equity_market_rally,immediate–3 months,"Equity market gains, FDI inflows, or portfolio inflows signal improving investor confidence and easier financing conditions.",DSE to compensate 97pc affected investors up to Tk5 lakh - Bangladesh Sangbad Sangstha (BSS),Bangladesh Sangbad Sangstha (BSS),equity valuation gain; FDI recovery; market liquidity expansion,equity investors; portfolio managers; foreign investors
2026-09-22_Exports_tightening_cca9a9b2,2026-09-22,Export Demand Contraction,Exports,balance_of_payments,tightening,medium,export_orders_decline,1–3 months,"Weak external demand reduces factory utilization, compresses labor income, and lowers FX earnings.",| Heat is erasing 4.1% of Bangladesh garment factory revenue,Fibre2Fashion,lower manufacturing output; urban income slowdown; FX earnings pressure,exporters; garment sector; currency desks
2026-09-22_Labor_Market_tightening_8e5de3c4,2026-09-22,Labor Market Stress,Labor Market,real_economy,tightening,medium,employment_disruption,1–6 months,"Factory closures, layoffs, or wage arrears signal real-economy deterioration and reduce aggregate demand through income channels.","Residents, worker unions demand compensation and safety after Ashulia factory blast",newagebd.net,consumption contraction; social tension; urban poverty increase,garment sector; labor unions; consumer sector analysts
2026-09-22_Trade_Policy_easing_8ddbb8df,2026-09-22,Trade Policy Liberalization,Trade Policy,policy_shock,easing,low,trade_regime_opening,1–6 months,"Tariff reductions, liberalization measures, or preferential access agreements lower input costs and open new market access.",Welding electrode makers seek duty relief on imported wire rod,The Business Standard — Economy,supply chain diversification; input cost reduction; export market expansion,importers; exporters; trade policy analysts
2026-09-22_Food_Prices_tightening_60c5bbb5,2026-09-22,Food Price Pressure,Food Prices,price_signal,tightening,high,staple_price_acceleration,immediate–3 months,"Rising staple prices compress real incomes of the poor, raise wage demands, and feed into broader inflation expectations.","Consumers feel the pinch as oil, garlic, vegetable prices surge after fuel price hike",The Business Standard — Economy,real income erosion for the poor; wage pressure; headline inflation rise,consumer sector; food importers; social protection agencies
2026-09-22_Capital_Markets_easing_6648deb7,2026-09-22,Capital Markets Recovery,Capital Markets,financial_conditions,easing,high,equity_market_rally,immediate–3 months,"Equity market gains, FDI inflows, or portfolio inflows signal improving investor confidence and easier financing conditions.","DSE to start compensating 17,332 affected investors from 28 September",The Business Standard — Economy,equity valuation gain; FDI recovery; market liquidity expansion,equity investors; portfolio managers; foreign investors
2026-09-22_Foreign_Exchange_easing_322e40ca,2026-09-22,External Liquidity Improvement,Foreign Exchange,balance_of_payments,easing,high,fx_reserves_recovery,1–3 months,"Rising reserves and improved BoP position ease import financing constraints, narrow the informal FX premium, and restore normal trade settlement.","BB lets offshore banking units buy, sell forex directly, conduct currency swaps",The Business Standard,import normalization; informal FX premium narrowing; reserve buffer strengthening,trade finance banks; importers; currency desks
2026-09-22_Energy_tightening_1762abbf,2026-09-22,Energy Supply Constraint,Energy,production_constraint,tightening,medium,load_shedding_intensity,immediate,"Energy shortages restrict industrial operating hours, raise unit costs, and force firms to rely on expensive captive generation.",Your $30 Jeans Are Running Out of Cheap Power in Bangladesh,Bloomberg.com,output loss; production cost increase; cost-push inflation,industrial producers; manufacturers; energy traders
2026-09-22_Energy_tightening_187efb9d,2026-09-22,Energy Supply Constraint,Energy,production_constraint,tightening,medium,load_shedding_intensity,immediate,"Energy shortages restrict industrial operating hours, raise unit costs, and force firms to rely on expensive captive generation.",Diesel price hike: Farmers dealt another blow,thedailystar.net,output loss; production cost increase; cost-push inflation,industrial producers; manufacturers; energy traders
2026-09-22_Labor_Market_tightening_45c6bfa6,2026-09-22,Labor Market Stress,Labor Market,real_economy,tightening,medium,employment_disruption,1–6 months,"Factory closures, layoffs, or wage arrears signal real-economy deterioration and reduce aggregate demand through income channels.","Ironing, finishing workers face worst heat stress in RMG factories",New Age BD,consumption contraction; social tension; urban poverty increase,garment sector; labor unions; consumer sector analysts
2026-09-22_Energy_easing_34f69791,2026-09-22,Energy Supply Improvement,Energy,production_constraint,easing,medium,load_shedding_reduction,immediate,"Improved power and gas supply expands industrial operating hours, lowers unit costs, and reduces reliance on captive generation.",Bangladesh garment factory fights energy crunch using solar panels,klsescreener.com,output normalization; production cost relief; inflation pressure easing,industrial producers; manufacturers; energy traders
2026-09-22_Energy_tightening_1f59d47f,2026-09-22,Energy Supply Constraint,Energy,production_constraint,tightening,high,load_shedding_intensity,immediate,"Energy shortages restrict industrial operating hours, raise unit costs, and force firms to rely on expensive captive generation.","Govt. paid extra Tk 23,000cr in six months for fuel import: official - Bangladesh Sangbad Sangstha (BSS)",Bangladesh Sangbad Sangstha (BSS),output loss; production cost increase; cost-push inflation,industrial producers; manufacturers; energy traders
2026-09-22_Banking_tightening_c6ac2f2b,2026-09-22,Banking Sector Fragility,Banking,financial_conditions,tightening,medium,npl_ratio_deterioration,3–12 months,"Rising non-performing loans, governance failures, or liquidity stress in banks constrain credit intermediation and erode depositor confidence.","Crisis in Bangladesh’s Islamic banks: Liquidity is not capital, and a merger is not a cure",thedailystar.net,credit rationing; deposit flight risk; fiscal contingent liability,depositors; bank regulators; financial analysts
2026-09-22_Banking_tightening_9f032a06,2026-09-22,Banking Sector Fragility,Banking,financial_conditions,tightening,medium,npl_ratio_deterioration,3–12 months,"Rising non-performing loans, governance failures, or liquidity stress in banks constrain credit intermediation and erode depositor confidence.","Bad loans, capital erosion trigger historic crisis in banking sector",United News of Bangladesh,credit rationing; deposit flight risk; fiscal contingent liability,depositors; bank regulators; financial analysts
2026-09-22_Capital_Markets_easing_4c935e5b,2026-09-22,Capital Markets Recovery,Capital Markets,financial_conditions,easing,high,equity_market_rally,immediate–3 months,"Equity market gains, FDI inflows, or portfolio inflows signal improving investor confidence and easier financing conditions.","DSE to reimburse Tk72 crore to over 17,000 scam-hit investors - daily-sun.com",daily-sun.com,equity valuation gain; FDI recovery; market liquidity expansion,equity investors; portfolio managers; foreign investors
2026-09-22_Energy_tightening_3bd32e37,2026-09-22,Energy Supply Constraint,Energy,production_constraint,tightening,high,load_shedding_intensity,immediate,"Energy shortages restrict industrial operating hours, raise unit costs, and force firms to rely on expensive captive generation.","Fuel price hike sends oil, garlic and vegetable prices soaring in a day",The Business Standard — Economy,output loss; production cost increase; cost-push inflation,industrial producers; manufacturers; energy traders
2026-09-22_Remittances_easing_85a1a440,2026-09-22,Remittance Flow Strengthening,Remittances,balance_of_payments,easing,high,remittance_growth_acceleration,1–3 months,"Rising remittances lift rural household income, strengthen consumption demand, and expand formal FX supply.",Remittance inflow rises 13.8pc in FY27 till Sept 21,bssnews.net,rural consumption boost; FX supply expansion; formal channel share rising,rural economy analysts; consumer sector; central bank
2026-09-22_Capital_Markets_easing_f98857b7,2026-09-22,Capital Markets Recovery,Capital Markets,financial_conditions,easing,low,equity_market_rally,immediate–3 months,"Equity market gains, FDI inflows, or portfolio inflows signal improving investor confidence and easier financing conditions.",Invest Bangladesh plans incentive for mobilising FDI,The Daily Star,equity valuation gain; FDI recovery; market liquidity expansion,equity investors; portfolio managers; foreign investors
2026-09-22_Remittances_easing_7a775ea0,2026-09-22,Remittance Flow Strengthening,Remittances,balance_of_payments,easing,high,remittance_growth_acceleration,1–3 months,"Rising remittances lift rural household income, strengthen consumption demand, and expand formal FX supply.",Remittance inflow records 13.8pc growth in FY27 - en.bd-pratidin.com,en.bd-pratidin.com,rural consumption boost; FX supply expansion; formal channel share rising,rural economy analysts; consumer sector; central bank
2026-09-22_Energy_tightening_f732e292,2026-09-22,Energy Supply Constraint,Energy,production_constraint,tightening,medium,load_shedding_intensity,immediate,"Energy shortages restrict industrial operating hours, raise unit costs, and force firms to rely on expensive captive generation.",Govt losing Tk 109cr daily on diesel sales: Zahed,bssnews.net,output loss; production cost increase; cost-push inflation,industrial producers; manufacturers; energy traders
2026-09-22_Capital_Markets_easing_0820b529,2026-09-22,Capital Markets Recovery,Capital Markets,financial_conditions,easing,medium,equity_market_rally,immediate–3 months,"Equity market gains, FDI inflows, or portfolio inflows signal improving investor confidence and easier financing conditions.",DSE to compensate 97pc affected investors up to Tk5 lakh,bssnews.net,equity valuation gain; FDI recovery; market liquidity expansion,equity investors; portfolio managers; foreign investors
2026-09-22_Exports_easing_b942357f,2026-09-22,Export Demand Expansion,Exports,balance_of_payments,easing,medium,export_orders_increase,1–3 months,"Rising external demand lifts factory utilization, expands labor income, and strengthens FX earnings.","Pearl Global expands Bangladesh operations, adds 7 million-piece annual capacity",ET Manufacturing,higher manufacturing output; urban employment gains; FX earnings boost,exporters; garment sector; currency desks
2026-09-22_Exports_easing_306143a6,2026-09-22,Export Demand Expansion,Exports,balance_of_payments,easing,medium,export_orders_increase,1–3 months,"Rising external demand lifts factory utilization, expands labor income, and strengthens FX earnings.",Pearl Global commissions new garment manufacturing unit in Bangladesh,Fibre2Fashion,higher manufacturing output; urban employment gains; FX earnings boost,exporters; garment sector; currency desks
2026-09-22_Energy_tightening_d118a0d5,2026-09-22,Energy Supply Constraint,Energy,production_constraint,tightening,medium,load_shedding_intensity,immediate,"Energy shortages restrict industrial operating hours, raise unit costs, and force firms to rely on expensive captive generation.",Gas crisis ripples across economy,The Daily Star,output loss; production cost increase; cost-push inflation,industrial producers; manufacturers; energy traders
2026-09-21_Energy_tightening_6d2da05c,2026-09-21,Energy Supply Constraint,Energy,production_constraint,tightening,high,load_shedding_intensity,immediate,"Energy shortages restrict industrial operating hours, raise unit costs, and force firms to rely on expensive captive generation.",Bangladesh raises fuel prices by up to 17pct amid global oil price surge,NST Online,output loss; production cost increase; cost-push inflation,industrial producers; manufacturers; energy traders
2026-09-21_Energy_tightening_389bd9ef,2026-09-21,Energy Supply Constraint,Energy,production_constraint,tightening,high,load_shedding_intensity,immediate,"Energy shortages restrict industrial operating hours, raise unit costs, and force firms to rely on expensive captive generation.",Bangladesh raises fuel prices by up to 17% amid global oil price surge,Reuters,output loss; production cost increase; cost-push inflation,industrial producers; manufacturers; energy traders
2026-09-21_Capital_Markets_tightening_493bb979,2026-09-21,Capital Markets Stress,Capital Markets,financial_conditions,tightening,high,equity_market_decline,immediate–3 months,"Equity market declines, FDI withdrawals, or portfolio outflows signal deteriorating investor confidence and tighter financing conditions.",Investor hurdles drag Bangladesh startup funding to 5-year low in Jan-Jun,The Business Standard,equity valuation decline; FDI slowdown; market liquidity tightening,equity investors; portfolio managers; foreign investors
2026-09-21_Energy_tightening_547de404,2026-09-21,Energy Supply Constraint,Energy,production_constraint,tightening,medium,load_shedding_intensity,immediate,"Energy shortages restrict industrial operating hours, raise unit costs, and force firms to rely on expensive captive generation.","Fuel price hike to push up transport and production costs, worsen inflationary pressure: Selim Raihan",The Business Standard — Economy,output loss; production cost increase; cost-push inflation,industrial producers; manufacturers; energy traders
2026-09-21_Trade_Policy_easing_bdf19804,2026-09-21,Trade Policy Liberalization,Trade Policy,policy_shock,easing,low,trade_regime_opening,1–6 months,"Tariff reductions, liberalization measures, or preferential access agreements lower input costs and open new market access.","Tariff cuts, FTAs could add $4b to Bangladesh economy: WB",thedailystar.net,supply chain diversification; input cost reduction; export market expansion,importers; exporters; trade policy analysts
2026-09-21_Foreign_Exchange_easing_5b321f86,2026-09-21,External Liquidity Improvement,Foreign Exchange,balance_of_payments,easing,high,fx_reserves_recovery,1–3 months,"Rising reserves and improved BoP position ease import financing constraints, narrow the informal FX premium, and restore normal trade settlement.",Taka strengthens against dollar after five and a half years - Bangladesh Sangbad Sangstha (BSS),Bangladesh Sangbad Sangstha (BSS),import normalization; informal FX premium narrowing; reserve buffer strengthening,trade finance banks; importers; currency desks
2026-09-21_Remittances_easing_df3ecc11,2026-09-21,Remittance Flow Strengthening,Remittances,balance_of_payments,easing,high,remittance_growth_acceleration,1–3 months,"Rising remittances lift rural household income, strengthen consumption demand, and expand formal FX supply.",Remittance inflow rises 14.9pc to $7.82b in nearly 3 months of FY27,The Financial Express,rural consumption boost; FX supply expansion; formal channel share rising,rural economy analysts; consumer sector; central bank
2026-09-21_Foreign_Exchange_easing_322e40ca,2026-09-21,External Liquidity Improvement,Foreign Exchange,balance_of_payments,easing,high,fx_reserves_recovery,1–3 months,"Rising reserves and improved BoP position ease import financing constraints, narrow the informal FX premium, and restore normal trade settlement.","BB lets offshore banking units buy, sell forex directly, conduct currency swaps",The Business Standard,import normalization; informal FX premium narrowing; reserve buffer strengthening,trade finance banks; importers; currency desks
2026-09-21_Foreign_Exchange_easing_3a4cbb43,2026-09-21,External Liquidity Improvement,Foreign Exchange,balance_of_payments,easing,high,fx_reserves_recovery,1–3 months,"Rising reserves and improved BoP position ease import financing constraints, narrow the informal FX premium, and restore normal trade settlement.","BB allows OBUs to undertake forex purchase, sale, swaps - Bangladesh Sangbad Sangstha (BSS)",Bangladesh Sangbad Sangstha (BSS),import normalization; informal FX premium narrowing; reserve buffer strengthening,trade finance banks; importers; currency desks
2026-09-21_Remittances_easing_fa772189,2026-09-21,Remittance Flow Strengthening,Remittances,balance_of_payments,easing,high,remittance_growth_acceleration,1–3 months,"Rising remittances lift rural household income, strengthen consumption demand, and expand formal FX supply.",Remittance inflow rises 14.9pc to $7.82b in nearly 3 months of FY27 - Bangladesh Sangbad Sangstha (BSS),Bangladesh Sangbad Sangstha (BSS),rural consumption boost; FX supply expansion; formal channel share rising,rural economy analysts; consumer sector; central bank
2026-09-21_Energy_tightening_bcb23cfe,2026-09-21,Energy Supply Constraint,Energy,production_constraint,tightening,high,load_shedding_intensity,immediate,"Energy shortages restrict industrial operating hours, raise unit costs, and force firms to rely on expensive captive generation.","Fuel Prices Hiked by Tk,20 Per Litre Amid Inflation Fears - businesstimes-bd.com",businesstimes-bd.com,output loss; production cost increase; cost-push inflation,industrial producers; manufacturers; energy traders
2026-09-21_Energy_tightening_72ec0c78,2026-09-21,Energy Supply Constraint,Energy,production_constraint,tightening,medium,load_shedding_intensity,immediate,"Energy shortages restrict industrial operating hours, raise unit costs, and force firms to rely on expensive captive generation.","Cargo flow in Pakistan, Bangladesh hobbled by deepening energy crisis",joc.com,output loss; production cost increase; cost-push inflation,industrial producers; manufacturers; energy traders
2026-09-21_Energy_tightening_6854d52e,2026-09-21,Energy Supply Constraint,Energy,production_constraint,tightening,medium,load_shedding_intensity,immediate,"Energy shortages restrict industrial operating hours, raise unit costs, and force firms to rely on expensive captive generation.",| Bangladesh's $38.7 bn apparel engine has an 88% gas risk,fibre2fashion.com,output loss; production cost increase; cost-push inflation,industrial producers; manufacturers; energy traders
2026-09-21_Energy_tightening_57e2ea9a,2026-09-21,Energy Supply Constraint,Energy,production_constraint,tightening,medium,load_shedding_intensity,immediate,"Energy shortages restrict industrial operating hours, raise unit costs, and force firms to rely on expensive captive generation.",Energy shortages are causing widespread production delays and cancellations in Bangladesh's garment sector.,Global Sources,output loss; production cost increase; cost-push inflation,industrial producers; manufacturers; energy traders
2026-09-21_Energy_tightening_7e6b0974,2026-09-21,Energy Supply Constraint,Energy,production_constraint,tightening,high,load_shedding_intensity,immediate,"Energy shortages restrict industrial operating hours, raise unit costs, and force firms to rely on expensive captive generation.",Bangladesh Raised Fuel Prices Again As Oil Import Losses Mounted,Finimize,output loss; production cost increase; cost-push inflation,industrial producers; manufacturers; energy traders
2026-09-21_Logistics_tightening_5f0081c2,2026-09-21,Logistics Disruption,Logistics,production_constraint,tightening,medium,transport_bottleneck,immediate–1 month,"Port congestion, transport disruption, or infrastructure failure raises delivery times and costs across supply chains.",Labour Unions Call For Sit-In Protest At Bangladesh’s Chattogram Port Over Terminal Lease,marineinsight.com,supply chain delays; higher transport costs; export shipment bottleneck,exporters; importers; logistics firms
2026-09-21_Exports_tightening_2f4851f3,2026-09-21,Export Demand Contraction,Exports,balance_of_payments,tightening,medium,export_orders_decline,1–3 months,"Weak external demand reduces factory utilization, compresses labor income, and lowers FX earnings.",Bangladesh exporters struggle as production costs surge 30-40 per cent,Telangana Today,lower manufacturing output; urban income slowdown; FX earnings pressure,exporters; garment sector; currency desks
2026-09-21_Trade_Policy_easing_6156b52d,2026-09-21,Trade Policy Liberalization,Trade Policy,policy_shock,easing,medium,trade_regime_opening,1–6 months,"Tariff reductions, liberalization measures, or preferential access agreements lower input costs and open new market access.",Import rules eased for specialised fabrics used in niche apparel,thedailystar.net,supply chain diversification; input cost reduction; export market expansion,importers; exporters; trade policy analysts
2026-09-21_Trade_Policy_easing_700bb554,2026-09-21,Trade Policy Liberalization,Trade Policy,policy_shock,easing,medium,trade_regime_opening,1–6 months,"Tariff reductions, liberalization measures, or preferential access agreements lower input costs and open new market access.","Bangladesh, Yunnan explore new avenues of cooperation as trade exceeds 1.3 Billion yuan",The Business Standard,supply chain diversification; input cost reduction; export market expansion,importers; exporters; trade policy analysts
2026-09-21_Banking_easing_46fc1f1b,2026-09-21,Banking Sector Strengthening,Banking,financial_conditions,easing,medium,npl_ratio_improvement,3–12 months,"Declining NPLs, stronger governance, or improved liquidity conditions restore credit intermediation capacity and depositor confidence.",Pubali Bank signs participation agreements with BB,The Financial Express,credit expansion capacity; deposit confidence; contingent liability easing,depositors; bank regulators; financial analysts
2026-09-21_Trade_Policy_tightening_92034a45,2026-09-21,Trade Policy Restriction,Trade Policy,policy_shock,tightening,medium,trade_regime_tightening,1–6 months,"Import bans, tariff hikes, or trade partner restrictions alter relative prices and disrupt established supply chains.",BAFFA opposes licences for fully foreign-owned freight forwarders,The Financial Express,supply chain disruption; input cost increase; trade diversion,importers; exporters; trade policy analysts
2026-09-21_Trade_Policy_easing_113c8a92,2026-09-21,Trade Policy Liberalization,Trade Policy,policy_shock,easing,high,trade_regime_opening,1–6 months,"Tariff reductions, liberalization measures, or preferential access agreements lower input costs and open new market access.","Bangladesh eases industrial import rules, relaxes knit fabric restrictions",Banglanews24,supply chain diversification; input cost reduction; export market expansion,importers; exporters; trade policy analysts
2026-09-21_Banking_tightening_f9da4d4f,2026-09-21,Banking Sector Fragility,Banking,financial_conditions,tightening,medium,npl_ratio_deterioration,3–12 months,"Rising non-performing loans, governance failures, or liquidity stress in banks constrain credit intermediation and erode depositor confidence.",StanChart weighs Bangladesh retail banking exit,New Age BD,credit rationing; deposit flight risk; fiscal contingent liability,depositors; bank regulators; financial analysts
2026-09-21_Banking_tightening_52cb73c5,2026-09-21,Banking Sector Fragility,Banking,financial_conditions,tightening,high,npl_ratio_deterioration,3–12 months,"Rising non-performing loans, governance failures, or liquidity stress in banks constrain credit intermediation and erode depositor confidence.",Standard Chartered Bank wants to wind down its retail and card business in Bangladesh,Prothom Alo English,credit rationing; deposit flight risk; fiscal contingent liability,depositors; bank regulators; financial analysts
2026-09-21_Foreign_Exchange_easing_d0372e9f,2026-09-21,External Liquidity Improvement,Foreign Exchange,balance_of_payments,easing,high,fx_reserves_recovery,1–3 months,"Rising reserves and improved BoP position ease import financing constraints, narrow the informal FX premium, and restore normal trade settlement.","BB allows offshore banking units to buy, sell and swap foreign currencies more freely",thedailystar.net,import normalization; informal FX premium narrowing; reserve buffer strengthening,trade finance banks; importers; currency desks
2026-09-21_Foreign_Exchange_easing_95f9ce57,2026-09-21,External Liquidity Improvement,Foreign Exchange,balance_of_payments,easing,medium,fx_reserves_recovery,1–3 months,"Rising reserves and improved BoP position ease import financing constraints, narrow the informal FX premium, and restore normal trade settlement.",Banks get wider scope to source dollars at lower cost,The Financial Express,import normalization; informal FX premium narrowing; reserve buffer strengthening,trade finance banks; importers; currency desks
2026-09-21_Foreign_Exchange_easing_deff8ded,2026-09-21,External Liquidity Improvement,Foreign Exchange,balance_of_payments,easing,medium,fx_reserves_recovery,1–3 months,"Rising reserves and improved BoP position ease import financing constraints, narrow the informal FX premium, and restore normal trade settlement.",BB allows OBUs to optimize foreign currency funding arrangements,The Financial Express,import normalization; informal FX premium narrowing; reserve buffer strengthening,trade finance banks; importers; currency desks
2026-09-21_Banking_tightening_0958de19,2026-09-21,Banking Sector Fragility,Banking,financial_conditions,tightening,high,npl_ratio_deterioration,3–12 months,"Rising non-performing loans, governance failures, or liquidity stress in banks constrain credit intermediation and erode depositor confidence.",StanChart Bangladesh plans to close retail banking operation,The Business Standard,credit rationing; deposit flight risk; fiscal contingent liability,depositors; bank regulators; financial analysts
2026-09-21_Banking_tightening_0870deb5,2026-09-21,Banking Sector Fragility,Banking,financial_conditions,tightening,high,npl_ratio_deterioration,3–12 months,"Rising non-performing loans, governance failures, or liquidity stress in banks constrain credit intermediation and erode depositor confidence.",BB limits corporate shareholding in banks to net worth,The Business Standard,credit rationing; deposit flight risk; fiscal contingent liability,depositors; bank regulators; financial analysts
2026-09-21_Banking_tightening_67256950,2026-09-21,Banking Sector Fragility,Banking,financial_conditions,tightening,medium,npl_ratio_deterioration,3–12 months,"Rising non-performing loans, governance failures, or liquidity stress in banks constrain credit intermediation and erode depositor confidence.",Standard Chartered plans to sell retail banking business in Bangladesh,Jagonews24,credit rationing; deposit flight risk; fiscal contingent liability,depositors; bank regulators; financial analysts
2026-09-21_Banking_tightening_b86decae,2026-09-21,Banking Sector Fragility,Banking,financial_conditions,tightening,high,npl_ratio_deterioration,3–12 months,"Rising non-performing loans, governance failures, or liquidity stress in banks constrain credit intermediation and erode depositor confidence.","Sammilito Islami Bank customers apply to withdraw Tk6,975cr in 20 days; Tk3,245cr disbursed so far",The Business Standard,credit rationing; deposit flight risk; fiscal contingent liability,depositors; bank regulators; financial analysts
2026-09-21_Energy_tightening_b91866e8,2026-09-21,Energy Supply Constraint,Energy,production_constraint,tightening,high,load_shedding_intensity,immediate,"Energy shortages restrict industrial operating hours, raise unit costs, and force firms to rely on expensive captive generation.",Bangladesh raises fuel prices as Middle East conflict drives up costs,Reuters,output loss; production cost increase; cost-push inflation,industrial producers; manufacturers; energy traders
2026-09-21_Energy_tightening_5f57e12f,2026-09-21,Energy Supply Constraint,Energy,production_constraint,tightening,high,load_shedding_intensity,immediate,"Energy shortages restrict industrial operating hours, raise unit costs, and force firms to rely on expensive captive generation.",Bangladesh raises fuel prices by BDT 20 per litre amid oil supply crisis,tribuneindia.com,output loss; production cost increase; cost-push inflation,industrial producers; manufacturers; energy traders
2026-09-21_Energy_tightening_4a2ba87a,2026-09-21,Energy Supply Constraint,Energy,production_constraint,tightening,medium,load_shedding_intensity,immediate,"Energy shortages restrict industrial operating hours, raise unit costs, and force firms to rely on expensive captive generation.",Fuel price hike starts hitting logistics sector,thedailystar.net,output loss; production cost increase; cost-push inflation,industrial producers; manufacturers; energy traders
2026-09-21_Energy_easing_2a16480a,2026-09-21,Energy Supply Improvement,Energy,production_constraint,easing,high,load_shedding_reduction,immediate,"Improved power and gas supply expands industrial operating hours, lowers unit costs, and reduces reliance on captive generation.",Tk119.56cr allocated to union parishads for solar power projects,The Business Standard,output normalization; production cost relief; inflation pressure easing,industrial producers; manufacturers; energy traders
2026-09-21_Energy_easing_f1f9725c,2026-09-21,Energy Supply Improvement,Energy,production_constraint,easing,medium,load_shedding_reduction,immediate,"Improved power and gas supply expands industrial operating hours, lowers unit costs, and reduces reliance on captive generation.",Nepal to Export 40MW Electricity to Bangladesh via Alternative Projects,Ratopati,output normalization; production cost relief; inflation pressure easing,industrial producers; manufacturers; energy traders
2026-09-21_Energy_easing_3e5ae831,2026-09-21,Energy Supply Improvement,Energy,production_constraint,easing,high,load_shedding_reduction,immediate,"Improved power and gas supply expands industrial operating hours, lowers unit costs, and reduces reliance on captive generation.",Rampal plant’s second unit resumes generation after eight-day outage,Daily Bonik Barta,output normalization; production cost relief; inflation pressure easing,industrial producers; manufacturers; energy traders
2026-09-21_Political_Risk_tightening_b8d6d487,2026-09-21,Political Risk Escalation,Political Risk,institutional,tightening,medium,governance_disruption,1–12 months,"Political instability, policy reversals, or governance failures undermine investor confidence and raise country risk premia.","Riots, bombs in Bangladesh opposition-led strike",Arab News,FDI slowdown; sovereign spread widening; policy uncertainty premium,foreign investors; rating agencies; multilateral lenders
2026-09-21_Logistics_tightening_f21f5629,2026-09-21,Logistics Disruption,Logistics,production_constraint,tightening,high,transport_bottleneck,immediate–1 month,"Port congestion, transport disruption, or infrastructure failure raises delivery times and costs across supply chains.",Private ICDs raise container handling charges by 9.85% after diesel price hike,The Business Standard — Economy,supply chain delays; higher transport costs; export shipment bottleneck,exporters; importers; logistics firms
2026-09-21_Fiscal_tightening_3b8edfcd,2026-09-21,Fiscal Revenue Stress,Fiscal,fiscal,tightening,high,revenue_collection_shortfall,3–6 months,"Tax revenue shortfalls force expenditure compression or borrowing, crowding out development spending and raising domestic debt costs.",ADP implementation falls to record low 1.85% in first two months of FY27,The Business Standard — Economy,development spending cut; domestic borrowing increase; treasury yield pressure,bond market; development agencies; government contractors
2026-09-21_Trade_Policy_easing_5cb12f28,2026-09-21,Trade Policy Liberalization,Trade Policy,policy_shock,easing,high,trade_regime_opening,1–6 months,"Tariff reductions, liberalization measures, or preferential access agreements lower input costs and open new market access.","Govt lifts permission requirement for yarn, fabric imports",The Business Standard — Economy,supply chain diversification; input cost reduction; export market expansion,importers; exporters; trade policy analysts
2026-09-21_Energy_tightening_4de0085c,2026-09-21,Energy Supply Constraint,Energy,production_constraint,tightening,medium,load_shedding_intensity,immediate,"Energy shortages restrict industrial operating hours, raise unit costs, and force firms to rely on expensive captive generation.",Fuel price hikes raise fears of higher essential costs,The Business Standard — Economy,output loss; production cost increase; cost-push inflation,industrial producers; manufacturers; energy traders
2026-09-21_Banking_easing_5af97276,2026-09-21,Banking Sector Strengthening,Banking,financial_conditions,easing,high,npl_ratio_improvement,3–12 months,"Declining NPLs, stronger governance, or improved liquidity conditions restore credit intermediation capacity and depositor confidence.","Sonali Bank's H1 profit jumps 193% to Tk1,878cr on treasury gains, lower provisions",The Business Standard — Economy,credit expansion capacity; deposit confidence; contingent liability easing,depositors; bank regulators; financial analysts
2026-09-21_Trade_Policy_easing_32cbe96c,2026-09-21,Trade Policy Liberalization,Trade Policy,policy_shock,easing,low,trade_regime_opening,1–6 months,"Tariff reductions, liberalization measures, or preferential access agreements lower input costs and open new market access.",DCCI calls for stronger IPR framework after LDC graduation,The Business Standard — Economy,supply chain diversification; input cost reduction; export market expansion,importers; exporters; trade policy analysts
2026-09-21_Energy_tightening_f8a398fd,2026-09-21,Energy Supply Constraint,Energy,production_constraint,tightening,medium,load_shedding_intensity,immediate,"Energy shortages restrict industrial operating hours, raise unit costs, and force firms to rely on expensive captive generation.","Costlier fuel to burden businesses, hit export competitiveness: Shams Mahmud",The Business Standard — Economy,output loss; production cost increase; cost-push inflation,industrial producers; manufacturers; energy traders
2026-09-21_Energy_tightening_39f322ae,2026-09-21,Energy Supply Constraint,Energy,production_constraint,tightening,medium,load_shedding_intensity,immediate,"Energy shortages restrict industrial operating hours, raise unit costs, and force firms to rely on expensive captive generation.","Fuel rate jump will create extra pressure across all sectors, trigger job losses: Parvez",The Business Standard — Economy,output loss; production cost increase; cost-push inflation,industrial producers; manufacturers; energy traders
2026-09-21_Labor_Market_tightening_c8a31ebc,2026-09-21,Labor Market Stress,Labor Market,real_economy,tightening,medium,employment_disruption,1–6 months,"Factory closures, layoffs, or wage arrears signal real-economy deterioration and reduce aggregate demand through income channels.","For every 100 educated Bangladeshi youths entering job market, 36 remain unemployed: IMF",The Business Standard — Economy,consumption contraction; social tension; urban poverty increase,garment sector; labor unions; consumer sector analysts
2026-09-21_Food_Prices_tightening_2b18ff75,2026-09-21,Food Price Pressure,Food Prices,price_signal,tightening,medium,staple_price_acceleration,immediate–3 months,"Rising staple prices compress real incomes of the poor, raise wage demands, and feed into broader inflation expectations.",Inflation relapse feared on across-the-board cost spikes,The Financial Express,real income erosion for the poor; wage pressure; headline inflation rise,consumer sector; food importers; social protection agencies
2026-09-21_Logistics_easing_06fa2b5a,2026-09-21,Logistics Improvement,Logistics,production_constraint,easing,medium,transport_capacity_expansion,immediate–1 month,"Port throughput gains, transport improvements, or new infrastructure cut delivery times and lower costs across supply chains.",Govt forms five working groups to implement National Logistics Policy,The Daily Star,supply chain acceleration; lower transport costs; export throughput gains,exporters; importers; logistics firms
2026-09-21_Banking_tightening_d09e2f57,2026-09-21,Banking Sector Fragility,Banking,financial_conditions,tightening,high,npl_ratio_deterioration,3–12 months,"Rising non-performing loans, governance failures, or liquidity stress in banks constrain credit intermediation and erode depositor confidence.","MD, anti-money laundering chief must jointly sign inspection reports, show-cause replies: BB",The Business Standard,credit rationing; deposit flight risk; fiscal contingent liability,depositors; bank regulators; financial analysts
2026-09-21_Credit_easing_b96f57b7,2026-09-21,Credit Allocation Loosening,Credit,financial_conditions,easing,high,credit_growth_acceleration,3–6 months,Expanded bank lending improves investment and working capital availability across the real economy.,"Cenbank drops 'large industry' term from Tk20,000cr scheme",The Business Standard,investment pickup; working capital expansion; GDP growth support,commercial banks; corporate borrowers; investment desks
2026-09-21_Energy_easing_f0acf284,2026-09-21,Energy Supply Improvement,Energy,production_constraint,easing,high,load_shedding_reduction,immediate,"Improved power and gas supply expands industrial operating hours, lowers unit costs, and reduces reliance on captive generation.",Titas-28 starts supplying gas to national grid,The Daily Star,output normalization; production cost relief; inflation pressure easing,industrial producers; manufacturers; energy traders
2026-09-21_Labor_Market_tightening_e06e46ff,2026-09-21,Labor Market Stress,Labor Market,real_economy,tightening,low,employment_disruption,1–6 months,"Factory closures, layoffs, or wage arrears signal real-economy deterioration and reduce aggregate demand through income channels.","IndustriALL demands wage board reconstitution, new minimum wage for garment workers",The Business Standard,consumption contraction; social tension; urban poverty increase,garment sector; labor unions; consumer sector analysts
2026-09-21_Energy_tightening_6cff9712,2026-09-21,Energy Supply Constraint,Energy,production_constraint,tightening,low,load_shedding_intensity,immediate,"Energy shortages restrict industrial operating hours, raise unit costs, and force firms to rely on expensive captive generation.",Fuel Price Increase Impact Bangladesh 2026 | Fuel shock to ripple across economy,The Daily Star,output loss; production cost increase; cost-push inflation,industrial producers; manufacturers; energy traders
2026-09-21_Exports_easing_10a73a0d,2026-09-21,Export Demand Expansion,Exports,balance_of_payments,easing,medium,export_orders_increase,1–3 months,"Rising external demand lifts factory utilization, expands labor income, and strengthens FX earnings.",Bangladesh garment makers turn virus gloom into boom,Arab News,higher manufacturing output; urban employment gains; FX earnings boost,exporters; garment sector; currency desks
2026-09-21_Trade_Policy_easing_2a2fb385,2026-09-21,Trade Policy Liberalization,Trade Policy,policy_shock,easing,low,trade_regime_opening,1–6 months,"Tariff reductions, liberalization measures, or preferential access agreements lower input costs and open new market access.","India seeks joint taskforce to expand trade, investment with Bangladesh",The Business Standard,supply chain diversification; input cost reduction; export market expansion,importers; exporters; trade policy analysts
2026-09-21_Energy_tightening_51eb7a29,2026-09-21,Energy Supply Constraint,Energy,production_constraint,tightening,high,load_shedding_intensity,immediate,"Energy shortages restrict industrial operating hours, raise unit costs, and force firms to rely on expensive captive generation.",Bangladesh raises fuel prices by up to 17.4% amid global oil price surge,Business Standard,output loss; production cost increase; cost-push inflation,industrial producers; manufacturers; energy traders
2026-09-21_Foreign_Exchange_easing_477bad70,2026-09-21,External Liquidity Improvement,Foreign Exchange,balance_of_payments,easing,medium,fx_reserves_recovery,1–3 months,"Rising reserves and improved BoP position ease import financing constraints, narrow the informal FX premium, and restore normal trade settlement.",Offshore banking units get more freedom in currency trading,The Daily Star,import normalization; informal FX premium narrowing; reserve buffer strengthening,trade finance banks; importers; currency desks
2026-09-21_Credit_easing_8a7fc460,2026-09-21,Credit Allocation Loosening,Credit,financial_conditions,easing,low,credit_growth_acceleration,3–6 months,Expanded bank lending improves investment and working capital availability across the real economy.,ONE Bank signs MoU with BYD Bangladesh to facilitate new energy vehicle financing,The Financial Express,investment pickup; working capital expansion; GDP growth support,commercial banks; corporate borrowers; investment desks
2026-09-21_Energy_tightening_d118a0d5,2026-09-21,Energy Supply Constraint,Energy,production_constraint,tightening,medium,load_shedding_intensity,immediate,"Energy shortages restrict industrial operating hours, raise unit costs, and force firms to rely on expensive captive generation.",Gas crisis ripples across economy,The Daily Star,output loss; production cost increase; cost-push inflation,industrial producers; manufacturers; energy traders
2026-09-21_Energy_tightening_c05dad85,2026-09-21,Energy Supply Constraint,Energy,production_constraint,tightening,high,load_shedding_intensity,immediate,"Energy shortages restrict industrial operating hours, raise unit costs, and force firms to rely on expensive captive generation.",Fuel prices hiked by Tk 20 a litre,The Daily Star,output loss; production cost increase; cost-push inflation,industrial producers; manufacturers; energy traders
2026-09-21_Foreign_Exchange_easing_593ee206,2026-09-21,External Liquidity Improvement,Foreign Exchange,balance_of_payments,easing,high,fx_reserves_recovery,1–3 months,"Rising reserves and improved BoP position ease import financing constraints, narrow the informal FX premium, and restore normal trade settlement.",Taka strengthens against dollar after five and a half years,bssnews.net,import normalization; informal FX premium narrowing; reserve buffer strengthening,trade finance banks; importers; currency desks
